well	conc	temp	fluorescence
1	1e-4	20.3265	13761.6355
1	1e-4	20.59002	13719.35352
1	1e-4	20.85354	13547.62427
1	1e-4	21.11705	13405.99512
1	1e-4	21.38057	13455.66431
1	1e-4	21.64409	13550.67871
1	1e-4	21.90761	13385.73779
1	1e-4	22.17113	13363.79541
1	1e-4	22.43464	13362.60205
1	1e-4	22.69816	13322.59253
1	1e-4	22.96168	13255.52539
1	1e-4	23.2252	13247.17895
1	1e-4	23.48871	13346.81324
1	1e-4	23.75223	13245.60254
1	1e-4	24.01575	13182.62964
1	1e-4	24.27927	13233.36182
1	1e-4	24.54279	13140.15576
1	1e-4	24.8063	13219.40869
1	1e-4	25.06982	13132.32764
1	1e-4	25.33334	13133.01612
1	1e-4	25.59686	13057.86231
1	1e-4	25.86037	13129.59058
1	1e-4	26.12389	12974.89014
1	1e-4	26.38741	13067.01001
1	1e-4	26.65093	12961.65234
1	1e-4	26.91445	12971.36597
1	1e-4	27.17796	12951.74195
1	1e-4	27.44148	12935.49707
1	1e-4	27.705	13052.46631
1	1e-4	27.96852	12943.30835
1	1e-4	28.23203	12957.27173
1	1e-4	28.49555	12910.92212
1	1e-4	28.75907	12826.11572
1	1e-4	29.02259	12885.76856
1	1e-4	29.28611	12850.96216
1	1e-4	29.54962	12869.84229
1	1e-4	29.81314	12802.3291
1	1e-4	30.07666	12854.20996
1	1e-4	30.34018	12809.92603
1	1e-4	30.60369	12707.02051
1	1e-4	30.86721	12816.58032
1	1e-4	31.13073	12815.50806
1	1e-4	31.39425	12739.67774
1	1e-4	31.65776	12707.53125
1	1e-4	31.92128	12712.17749
1	1e-4	32.1848	12654.03394
1	1e-4	32.44832	12729.78809
1	1e-4	32.71184	12696.16797
1	1e-4	32.97536	12667.06275
1	1e-4	33.23887	12612.6123
1	1e-4	33.50239	12613.61255
1	1e-4	33.76591	12642.94629
1	1e-4	34.02943	12578.45239
1	1e-4	34.29295	12603.00683
1	1e-4	34.55646	12682.0979
1	1e-4	34.81998	12594.59619
1	1e-4	35.0835	12645.54614
1	1e-4	35.34702	12627.03662
1	1e-4	35.61053	12596.01514
1	1e-4	35.87405	12665.07666
1	1e-4	36.13757	12568.50977
1	1e-4	36.40108	12614.89844
1	1e-4	36.6646	12651.61353
1	1e-4	36.92812	12624.33057
1	1e-4	37.19164	12556.30591
1	1e-4	37.45516	12621.75879
1	1e-4	37.71867	12629.0835
1	1e-4	37.98219	12581.98779
1	1e-4	38.24571	12466.5791
1	1e-4	38.50923	12563.31372
1	1e-4	38.77275	12499.70898
1	1e-4	39.03626	12597.83789
1	1e-4	39.29978	12574.69775
1	1e-4	39.5633	12576.21094
1	1e-4	39.82682	12641.56567
1	1e-4	40.09034	12665.92725
1	1e-4	40.35385	12620.06568
1	1e-4	40.61737	12637.55444
1	1e-4	40.88089	12553.15454
1	1e-4	41.14441	12658.57739
1	1e-4	41.40792	12652.84937
1	1e-4	41.67144	12718.93067
1	1e-4	41.93496	12665.77979
1	1e-4	42.19848	12738.12695
1	1e-4	42.462	12643.11426
1	1e-4	42.72551	12667.68555
1	1e-4	42.98903	12662.31714
1	1e-4	43.25255	12805.95435
1	1e-4	43.51607	12743.44214
1	1e-4	43.77959	12830.67725
1	1e-4	44.0431	12887.7544
1	1e-4	44.30662	12885.47852
1	1e-4	44.57014	12955.21582
1	1e-4	44.83366	13014.21191
1	1e-4	45.09718	12953.57105
1	1e-4	45.36069	12969.62451
1	1e-4	45.62421	13090.63257
1	1e-4	45.88773	13114.31153
1	1e-4	46.15125	13189.30713
1	1e-4	46.41476	13202.78906
1	1e-4	46.67828	13216.29614
1	1e-4	46.9418	13354.40454
1	1e-4	47.20531	13397.96118
1	1e-4	47.46883	13440.47827
1	1e-4	47.73235	13562.05762
1	1e-4	47.99587	13652.94214
1	1e-4	48.25938	13662.94946
1	1e-4	48.5229	13779.46484
1	1e-4	48.78642	13782.896
1	1e-4	49.04994	13870.31836
1	1e-4	49.31346	14039.94751
1	1e-4	49.57698	14128.90649
1	1e-4	49.84049	14255.27075
1	1e-4	50.10401	14352.49707
1	1e-4	50.36753	14387.30566
1	1e-4	50.63105	14393.72583
1	1e-4	50.89457	14580.13867
1	1e-4	51.15808	14719.40161
1	1e-4	51.4216	14727.87647
1	1e-4	51.68512	14940.67041
1	1e-4	51.94864	14920.83252
1	1e-4	52.21215	15151.08155
1	1e-4	52.47567	15165.69336
1	1e-4	52.73919	15279.57983
1	1e-4	53.00271	15432.08569
1	1e-4	53.26622	15487.76636
1	1e-4	53.52974	15588.4524
1	1e-4	53.79326	15753.0686
1	1e-4	54.05678	15734.77027
1	1e-4	54.3203	15964.49707
1	1e-4	54.58381	16109.42773
1	1e-4	54.84733	16209.52246
1	1e-4	55.11085	16304.00415
1	1e-4	55.37437	16329.98242
1	1e-4	55.63789	16455.95557
1	1e-4	55.9014	16521.27173
1	1e-4	56.16492	16623.42163
1	1e-4	56.42844	16732.2688
1	1e-4	56.69196	16851.91065
1	1e-4	56.95547	16876.39649
1	1e-4	57.21899	16942.6565
1	1e-4	57.48251	17121.63355
1	1e-4	57.74603	17060.77222
1	1e-4	58.00954	17289.66187
1	1e-4	58.27306	17314.45508
1	1e-4	58.53658	17386.08154
1	1e-4	58.8001	17416.70313
1	1e-4	59.06362	17652.1897
1	1e-4	59.32713	17657.26441
1	1e-4	59.59065	17729.18213
1	1e-4	59.85417	17913.7627
1	1e-4	60.11769	17921.7124
1	1e-4	60.38121	18046.67383
1	1e-4	60.64472	18009.91455
1	1e-4	60.90824	18235.80762
1	1e-4	61.17176	18314.52735
1	1e-4	61.43528	18427.20069
1	1e-4	61.6988	18456.43701
1	1e-4	61.96231	18586.0835
1	1e-4	62.22583	18734.52491
1	1e-4	62.48935	18863.26856
1	1e-4	62.75286	18895.48584
1	1e-4	63.01638	18947.3335
1	1e-4	63.2799	19078.46631
1	1e-4	63.54342	19089.5293
1	1e-4	63.80694	19200.47803
1	1e-4	64.07045	19346.23389
1	1e-4	64.33397	19466.2251
1	1e-4	64.59749	19509.59717
1	1e-4	64.86101	19527.02539
1	1e-4	65.12453	19687.16699
1	1e-4	65.38805	19740.60059
1	1e-4	65.65157	19793.3042
1	1e-4	65.91508	19933.92529
1	1e-4	66.1786	19954.8335
1	1e-4	66.44212	20032.86182
1	1e-4	66.70563	20083.37647
1	1e-4	66.96915	20261.57275
1	1e-4	67.23267	20265.6709
1	1e-4	67.49619	20378.92627
1	1e-4	67.7597	20425.64063
1	1e-4	68.02322	20507.05127
1	1e-4	68.28674	20552.61475
1	1e-4	68.55026	20567.66553
1	1e-4	68.81377	20600.90235
1	1e-4	69.07729	20788.40381
1	1e-4	69.34081	20752.83936
1	1e-4	69.60432	20879.90235
1	1e-4	69.86784	20843.40088
1	1e-4	70.13136	21037.78076
1	1e-4	70.39488	20970.49951
1	1e-4	70.6584	21019.59375
1	1e-4	70.92192	21072.20899
1	1e-4	71.18544	21112.29541
1	1e-4	71.44895	21074.91699
1	1e-4	71.71247	21134.83447
1	1e-4	71.97599	21098.63379
1	1e-4	72.2395	21170.86133
1	1e-4	72.50302	21168.36475
1	1e-4	72.76654	21212.33301
1	1e-4	73.03006	21161.55176
1	1e-4	73.29358	21115.07324
1	1e-4	73.5571	21132.15772
1	1e-4	73.82062	21141.34815
1	1e-4	74.08413	21125.55371
1	1e-4	74.34765	21119.49756
1	1e-4	74.61117	21131.77588
1	1e-4	74.87468	21009.71631
1	1e-4	75.1382	20979.56201
1	1e-4	75.40172	21052.81641
1	1e-4	75.66524	21028.03418
1	1e-4	75.92876	21017.95606
1	1e-4	76.19228	21020.57617
1	1e-4	76.4558	20872.01954
1	1e-4	76.71931	20881.25635
1	1e-4	76.98283	20817.79785
1	1e-4	77.24635	20785.55469
1	1e-4	77.50986	20885.81836
1	1e-4	77.77338	20707.99268
1	1e-4	78.0369	20688.78076
1	1e-4	78.30042	20754.1167
1	1e-4	78.56393	20664.72998
1	1e-4	78.82745	20606.23975
1	1e-4	79.09097	20407.51758
1	1e-4	79.35449	20369.3999
1	1e-4	79.618	20268.41358
1	1e-4	79.88152	20225.90332
1	1e-4	80.14503	20194.61621
1	1e-4	80.40856	20054.89014
1	1e-4	80.67207	20023.13135
1	1e-4	80.93559	19945.04444
1	1e-4	81.19911	19745.1958
1	1e-4	81.46263	19741.08789
1	1e-4	81.72615	19604.57227
1	1e-4	81.98966	19543.98145
1	1e-4	82.25318	19478.63428
1	1e-4	82.5167	19272.42432
1	1e-4	82.78022	19248.18018
1	1e-4	83.04374	19123.35693
1	1e-4	83.30725	19067.08887
1	1e-4	83.57077	18957.39942
1	1e-4	83.83429	18848.73291
1	1e-4	84.09781	18729.06739
1	1e-4	84.36133	18598.41699
1	1e-4	84.62484	18537.39771
1	1e-4	84.88836	18392.68335
1	1e-4	85.15188	18191.47583
1	1e-4	85.4154	18107.52124
1	1e-4	85.67892	18060.87378
1	1e-4	85.94243	17932.39526
1	1e-4	86.20595	17869.25708
1	1e-4	86.46947	17686.448
1	1e-4	86.73299	17627.32837
1	1e-4	86.99651	17450.95386
1	1e-4	87.26002	17351.93359
1	1e-4	87.52354	17210.2085
1	1e-4	87.78706	17148.57886
1	1e-4	88.05058	16969.56128
1	1e-4	88.31409	16873.27417
1	1e-4	88.57761	16820.91797
1	1e-4	88.84113	16725.59741
1	1e-4	89.10464	16488.02051
1	1e-4	89.36816	16390.82959
1	1e-4	89.63168	16299.71167
1	1e-4	89.8952	16246.94434
1	1e-4	90.15871	16104.37525
1	1e-4	90.42223	16111.77149
1	1e-4	90.68575	15973.54322
1	1e-4	90.94927	15833.77222
1	1e-4	91.21279	15714.84375
1	1e-4	91.4763	15607.04199
1	1e-4	91.73982	15539.39527
1	1e-4	92.00334	15392.82886
1	1e-4	92.26686	15383.77027
1	1e-4	92.53038	15237.0979
1	1e-4	92.79389	15216.52979
1	1e-4	93.05741	15083.39014
1	1e-4	93.32093	15020.44776
1	1e-4	93.58445	14875.83692
1	1e-4	93.84797	14666.22437
2	1.25e-5	20.3265	10967.9575
2	1.25e-5	20.59002	10816.2372
2	1.25e-5	20.85354	10799.4409
2	1.25e-5	21.11705	10701.5552
2	1.25e-5	21.38057	10609.0389
2	1.25e-5	21.64409	10715.6646
2	1.25e-5	21.90761	10678.251
2	1.25e-5	22.17113	10618.7085
2	1.25e-5	22.43464	10640.8884
2	1.25e-5	22.69816	10637.0574
2	1.25e-5	22.96168	10500.2155
2	1.25e-5	23.2252	10460.6051
2	1.25e-5	23.48871	10478.7528
2	1.25e-5	23.75223	10442.91
2	1.25e-5	24.01575	10417.5819
2	1.25e-5	24.27927	10439.2445
2	1.25e-5	24.54279	10495.8812
2	1.25e-5	24.8063	10479.8991
2	1.25e-5	25.06982	10394.0913
2	1.25e-5	25.33334	10395.0118
2	1.25e-5	25.59686	10365.9399
2	1.25e-5	25.86037	10379.6858
2	1.25e-5	26.12389	10339.6556
2	1.25e-5	26.38741	10306.1196
2	1.25e-5	26.65093	10302.9368
2	1.25e-5	26.91445	10273.8054
2	1.25e-5	27.17796	10298.4348
2	1.25e-5	27.44148	10243.1646
2	1.25e-5	27.705	10236.2924
2	1.25e-5	27.96852	10179.2719
2	1.25e-5	28.23203	10240.4055
2	1.25e-5	28.49555	10153.5745
2	1.25e-5	28.75907	10216.1129
2	1.25e-5	29.02259	10223.8756
2	1.25e-5	29.28611	10113.0281
2	1.25e-5	29.54962	10147.3368
2	1.25e-5	29.81314	10167.3003
2	1.25e-5	30.07666	10165.1078
2	1.25e-5	30.34018	10092.0264
2	1.25e-5	30.60369	10074.9927
2	1.25e-5	30.86721	10115.6628
2	1.25e-5	31.13073	10186.5776
2	1.25e-5	31.39425	10154.4605
2	1.25e-5	31.65776	10028.2247
2	1.25e-5	31.92128	10092.7744
2	1.25e-5	32.1848	10087.6583
2	1.25e-5	32.44832	10035.7081
2	1.25e-5	32.71184	10042.0996
2	1.25e-5	32.97536	10029.5468
2	1.25e-5	33.23887	9958.46143
2	1.25e-5	33.50239	10056.6282
2	1.25e-5	33.76591	10054.6593
2	1.25e-5	34.02943	9978.55335
2	1.25e-5	34.29295	10012.4968
2	1.25e-5	34.55646	9962.8302
2	1.25e-5	34.81998	9999.87354
2	1.25e-5	35.0835	9952.11328
2	1.25e-5	35.34702	9935.61084
2	1.25e-5	35.61053	9981.12268
2	1.25e-5	35.87405	9963.43384
2	1.25e-5	36.13757	10030.6337
2	1.25e-5	36.40108	9940.39209
2	1.25e-5	36.6646	9954.09131
2	1.25e-5	36.92812	9942.85669
2	1.25e-5	37.19164	9914.03247
2	1.25e-5	37.45516	10003.3857
2	1.25e-5	37.71867	9955.59375
2	1.25e-5	37.98219	9929.62195
2	1.25e-5	38.24571	9993.04981
2	1.25e-5	38.50923	9879.92749
2	1.25e-5	38.77275	9945.18799
2	1.25e-5	39.03626	9982.50476
2	1.25e-5	39.29978	10026.8203
2	1.25e-5	39.5633	9916.84546
2	1.25e-5	39.82682	9951.47705
2	1.25e-5	40.09034	9988.31091
2	1.25e-5	40.35385	10017.2081
2	1.25e-5	40.61737	10005.3962
2	1.25e-5	40.88089	9999.89465
2	1.25e-5	41.14441	10069.5619
2	1.25e-5	41.40792	10070.8417
2	1.25e-5	41.67144	10093.2922
2	1.25e-5	41.93496	10039.0602
2	1.25e-5	42.19848	10049.3379
2	1.25e-5	42.462	10055.4971
2	1.25e-5	42.72551	10102.3389
2	1.25e-5	42.98903	10134.9974
2	1.25e-5	43.25255	10179.9586
2	1.25e-5	43.51607	10197.1456
2	1.25e-5	43.77959	10204.7443
2	1.25e-5	44.0431	10233.5479
2	1.25e-5	44.30662	10308.6394
2	1.25e-5	44.57014	10391.527
2	1.25e-5	44.83366	10322.268
2	1.25e-5	45.09718	10353.8556
2	1.25e-5	45.36069	10368.5541
2	1.25e-5	45.62421	10468.556
2	1.25e-5	45.88773	10432.4143
2	1.25e-5	46.15125	10573.7794
2	1.25e-5	46.41476	10575.5287
2	1.25e-5	46.67828	10674.8904
2	1.25e-5	46.9418	10695.7441
2	1.25e-5	47.20531	10764.256
2	1.25e-5	47.46883	10824.6814
2	1.25e-5	47.73235	10947.6086
2	1.25e-5	47.99587	10941.7485
2	1.25e-5	48.25938	11013.9219
2	1.25e-5	48.5229	11073.7546
2	1.25e-5	48.78642	11110.366
2	1.25e-5	49.04994	11258.1423
2	1.25e-5	49.31346	11358.7087
2	1.25e-5	49.57698	11428.2986
2	1.25e-5	49.84049	11451.2742
2	1.25e-5	50.10401	11520.459
2	1.25e-5	50.36753	11655.467
2	1.25e-5	50.63105	11707.1211
2	1.25e-5	50.89457	11826.4663
2	1.25e-5	51.15808	11894.1941
2	1.25e-5	51.4216	11993.3589
2	1.25e-5	51.68512	12108.8381
2	1.25e-5	51.94864	12271.418
2	1.25e-5	52.21215	12369.8918
2	1.25e-5	52.47567	12510.5432
2	1.25e-5	52.73919	12598.4719
2	1.25e-5	53.00271	12703.6917
2	1.25e-5	53.26622	12793.311
2	1.25e-5	53.52974	12854.2493
2	1.25e-5	53.79326	13003.3943
2	1.25e-5	54.05678	13148.7173
2	1.25e-5	54.3203	13254.9038
2	1.25e-5	54.58381	13382.1824
2	1.25e-5	54.84733	13559.637
2	1.25e-5	55.11085	13598.999
2	1.25e-5	55.37437	13789.0418
2	1.25e-5	55.63789	13700.0708
2	1.25e-5	55.9014	13844.8916
2	1.25e-5	56.16492	13909.6736
2	1.25e-5	56.42844	13914.2222
2	1.25e-5	56.69196	14021.5034
2	1.25e-5	56.95547	14046.5728
2	1.25e-5	57.21899	14111.7551
2	1.25e-5	57.48251	14154.6223
2	1.25e-5	57.74603	14294.2756
2	1.25e-5	58.00954	14336.8355
2	1.25e-5	58.27306	14300.5579
2	1.25e-5	58.53658	14461.7293
2	1.25e-5	58.8001	14427.863
2	1.25e-5	59.06362	14517.377
2	1.25e-5	59.32713	14535.4568
2	1.25e-5	59.59065	14652.0881
2	1.25e-5	59.85417	14701.5581
2	1.25e-5	60.11769	14692.2266
2	1.25e-5	60.38121	14740.2991
2	1.25e-5	60.64472	14858.7041
2	1.25e-5	60.90824	14765.0669
2	1.25e-5	61.17176	14849.8296
2	1.25e-5	61.43528	14872.5393
2	1.25e-5	61.6988	15005.0637
2	1.25e-5	61.96231	14975.2388
2	1.25e-5	62.22583	14977.0584
2	1.25e-5	62.48935	15036.9639
2	1.25e-5	62.75286	15051.7654
2	1.25e-5	63.01638	15091.4431
2	1.25e-5	63.2799	15242.794
2	1.25e-5	63.54342	15205.5173
2	1.25e-5	63.80694	15297.0278
2	1.25e-5	64.07045	15231.5881
2	1.25e-5	64.33397	15385.6658
2	1.25e-5	64.59749	15308.5051
2	1.25e-5	64.86101	15295.7122
2	1.25e-5	65.12453	15382.7385
2	1.25e-5	65.38805	15399.8076
2	1.25e-5	65.65157	15300.4041
2	1.25e-5	65.91508	15384.0215
2	1.25e-5	66.1786	15434.8838
2	1.25e-5	66.44212	15431.9976
2	1.25e-5	66.70563	15449.2754
2	1.25e-5	66.96915	15481.5698
2	1.25e-5	67.23267	15651.2668
2	1.25e-5	67.49619	15478.8489
2	1.25e-5	67.7597	15605.1514
2	1.25e-5	68.02322	15445.0806
2	1.25e-5	68.28674	15487.8149
2	1.25e-5	68.55026	15513.6016
2	1.25e-5	68.81377	15573.9771
2	1.25e-5	69.07729	15534.3091
2	1.25e-5	69.34081	15560.5313
2	1.25e-5	69.60432	15505.3535
2	1.25e-5	69.86784	15487.9036
2	1.25e-5	70.13136	15623.0103
2	1.25e-5	70.39488	15507.5256
2	1.25e-5	70.6584	15509.9473
2	1.25e-5	70.92192	15482.3919
2	1.25e-5	71.18544	15511.1543
2	1.25e-5	71.44895	15437.3831
2	1.25e-5	71.71247	15399.4409
2	1.25e-5	71.97599	15371.6824
2	1.25e-5	72.2395	15379.022
2	1.25e-5	72.50302	15468.3413
2	1.25e-5	72.76654	15478.2302
2	1.25e-5	73.03006	15349.0725
2	1.25e-5	73.29358	15379.5049
2	1.25e-5	73.5571	15333.3721
2	1.25e-5	73.82062	15323.864
2	1.25e-5	74.08413	15260.8315
2	1.25e-5	74.34765	15239.5357
2	1.25e-5	74.61117	15248.4524
2	1.25e-5	74.87468	15222.9263
2	1.25e-5	75.1382	15159.3154
2	1.25e-5	75.40172	15188.2739
2	1.25e-5	75.66524	15173.6758
2	1.25e-5	75.92876	15152.3298
2	1.25e-5	76.19228	15124.7034
2	1.25e-5	76.4558	15004.4685
2	1.25e-5	76.71931	14961.5547
2	1.25e-5	76.98283	14976.6609
2	1.25e-5	77.24635	14941.7732
2	1.25e-5	77.50986	14982.2705
2	1.25e-5	77.77338	14984.761
2	1.25e-5	78.0369	14908.4924
2	1.25e-5	78.30042	14953.8652
2	1.25e-5	78.56393	14818.2502
2	1.25e-5	78.82745	14926.9507
2	1.25e-5	79.09097	14799.0603
2	1.25e-5	79.35449	14735.6253
2	1.25e-5	79.618	14670.4756
2	1.25e-5	79.88152	14641.5869
2	1.25e-5	80.14503	14616.467
2	1.25e-5	80.40856	14561.5486
2	1.25e-5	80.67207	14530.9419
2	1.25e-5	80.93559	14454.5674
2	1.25e-5	81.19911	14379.1775
2	1.25e-5	81.46263	14289.9627
2	1.25e-5	81.72615	14288.8294
2	1.25e-5	81.98966	14188.6177
2	1.25e-5	82.25318	14172.5281
2	1.25e-5	82.5167	13985.564
2	1.25e-5	82.78022	14074.7849
2	1.25e-5	83.04374	13923.7532
2	1.25e-5	83.30725	13842.3347
2	1.25e-5	83.57077	13765.814
2	1.25e-5	83.83429	13593.1826
2	1.25e-5	84.09781	13631.3508
2	1.25e-5	84.36133	13600.6362
2	1.25e-5	84.62484	13496.988
2	1.25e-5	84.88836	13392.6287
2	1.25e-5	85.15188	13197.8264
2	1.25e-5	85.4154	13121.2586
2	1.25e-5	85.67892	13048.6694
2	1.25e-5	85.94243	13023.3877
2	1.25e-5	86.20595	12895.4124
2	1.25e-5	86.46947	12828.8384
2	1.25e-5	86.73299	12714.9182
2	1.25e-5	86.99651	12625.0876
2	1.25e-5	87.26002	12585.9365
2	1.25e-5	87.52354	12401.9177
2	1.25e-5	87.78706	12249.3223
2	1.25e-5	88.05058	12275.0774
2	1.25e-5	88.31409	12196.145
2	1.25e-5	88.57761	11964.678
2	1.25e-5	88.84113	11955.5051
2	1.25e-5	89.10464	11750.0435
2	1.25e-5	89.36816	11695.1445
2	1.25e-5	89.63168	11667.8174
2	1.25e-5	89.8952	11501.1438
2	1.25e-5	90.15871	11302.7947
2	1.25e-5	90.42223	11287.3953
2	1.25e-5	90.68575	11190.5708
2	1.25e-5	90.94927	11062.4165
2	1.25e-5	91.21279	10922.0486
2	1.25e-5	91.4763	10930.01
2	1.25e-5	91.73982	10768.8469
2	1.25e-5	92.00334	10684.0713
2	1.25e-5	92.26686	10523.9841
2	1.25e-5	92.53038	10393.8635
2	1.25e-5	92.79389	10378.094
2	1.25e-5	93.05741	10271.5459
2	1.25e-5	93.32093	10157.7277
2	1.25e-5	93.58445	10007.7838
2	1.25e-5	93.84797	9838.87866
3	5.00E-05	20.3265	13033.13648
3	5.00E-05	20.59002	12962.3833
3	5.00E-05	20.85354	12766.00098
3	5.00E-05	21.11705	12772.83032
3	5.00E-05	21.38057	12724.2544
3	5.00E-05	21.64409	12714.98926
3	5.00E-05	21.90761	12650.11841
3	5.00E-05	22.17113	12649.88159
3	5.00E-05	22.43464	12632.43091
3	5.00E-05	22.69816	12673.19068
3	5.00E-05	22.96168	12607.31348
3	5.00E-05	23.2252	12534.40796
3	5.00E-05	23.48871	12584.29785
3	5.00E-05	23.75223	12521.76368
3	5.00E-05	24.01575	12499.68652
3	5.00E-05	24.27927	12596.26758
3	5.00E-05	24.54279	12465.41187
3	5.00E-05	24.8063	12496.64917
3	5.00E-05	25.06982	12446.94532
3	5.00E-05	25.33334	12372.8064
3	5.00E-05	25.59686	12425.9873
3	5.00E-05	25.86037	12413.1294
3	5.00E-05	26.12389	12353.74438
3	5.00E-05	26.38741	12305.00489
3	5.00E-05	26.65093	12320.64575
3	5.00E-05	26.91445	12330.49438
3	5.00E-05	27.17796	12232.84497
3	5.00E-05	27.44148	12218.59302
3	5.00E-05	27.705	12303.19312
3	5.00E-05	27.96852	12259.98071
3	5.00E-05	28.23203	12272.90064
3	5.00E-05	28.49555	12228.29321
3	5.00E-05	28.75907	12181.28321
3	5.00E-05	29.02259	12262.86206
3	5.00E-05	29.28611	12170.28735
3	5.00E-05	29.54962	12110.88428
3	5.00E-05	29.81314	12199.84107
3	5.00E-05	30.07666	12089.01269
3	5.00E-05	30.34018	12102.68067
3	5.00E-05	30.60369	12218.9248
3	5.00E-05	30.86721	12097.85425
3	5.00E-05	31.13073	12056.41626
3	5.00E-05	31.39425	12035.67139
3	5.00E-05	31.65776	12114.61963
3	5.00E-05	31.92128	12079.62671
3	5.00E-05	32.1848	12014.59937
3	5.00E-05	32.44832	12107.37671
3	5.00E-05	32.71184	12016.1084
3	5.00E-05	32.97536	11983.50147
3	5.00E-05	33.23887	11980.14478
3	5.00E-05	33.50239	12019.65576
3	5.00E-05	33.76591	11879.97925
3	5.00E-05	34.02943	11987.64771
3	5.00E-05	34.29295	12036.93409
3	5.00E-05	34.55646	12002.69507
3	5.00E-05	34.81998	11956.46582
3	5.00E-05	35.0835	11970.41724
3	5.00E-05	35.34702	11967.18311
3	5.00E-05	35.61053	11977.73829
3	5.00E-05	35.87405	11981.68555
3	5.00E-05	36.13757	12046.62964
3	5.00E-05	36.40108	11920.36816
3	5.00E-05	36.6646	11904.68335
3	5.00E-05	36.92812	12031.64307
3	5.00E-05	37.19164	11981.56909
3	5.00E-05	37.45516	11928.02246
3	5.00E-05	37.71867	11927.36694
3	5.00E-05	37.98219	11999.7334
3	5.00E-05	38.24571	11958.97143
3	5.00E-05	38.50923	11940.67578
3	5.00E-05	38.77275	12008.11475
3	5.00E-05	39.03626	11956.81348
3	5.00E-05	39.29978	12034.18921
3	5.00E-05	39.5633	11945.89942
3	5.00E-05	39.82682	12048.49951
3	5.00E-05	40.09034	12006.20947
3	5.00E-05	40.35385	12023.84351
3	5.00E-05	40.61737	12124.8772
3	5.00E-05	40.88089	12056.38696
3	5.00E-05	41.14441	12110.36914
3	5.00E-05	41.40792	12050.22192
3	5.00E-05	41.67144	12182.12403
3	5.00E-05	41.93496	12159.08008
3	5.00E-05	42.19848	12156.78174
3	5.00E-05	42.462	12211.0957
3	5.00E-05	42.72551	12221.79688
3	5.00E-05	42.98903	12255.64062
3	5.00E-05	43.25255	12230.02246
3	5.00E-05	43.51607	12286.43701
3	5.00E-05	43.77959	12366.91162
3	5.00E-05	44.0431	12379.41821
3	5.00E-05	44.30662	12407.54248
3	5.00E-05	44.57014	12475.23901
3	5.00E-05	44.83366	12521.94165
3	5.00E-05	45.09718	12538.34302
3	5.00E-05	45.36069	12614.93994
3	5.00E-05	45.62421	12665.78198
3	5.00E-05	45.88773	12742.42969
3	5.00E-05	46.15125	12811.16211
3	5.00E-05	46.41476	12912.84619
3	5.00E-05	46.67828	12842.70947
3	5.00E-05	46.9418	12949.94556
3	5.00E-05	47.20531	13088.06519
3	5.00E-05	47.46883	13080.78613
3	5.00E-05	47.73235	13225.96948
3	5.00E-05	47.99587	13278.14478
3	5.00E-05	48.25938	13419.00635
3	5.00E-05	48.5229	13517.80005
3	5.00E-05	48.78642	13525.56983
3	5.00E-05	49.04994	13677.18262
3	5.00E-05	49.31346	13791.11694
3	5.00E-05	49.57698	13863.85327
3	5.00E-05	49.84049	13984.75879
3	5.00E-05	50.10401	14145.79077
3	5.00E-05	50.36753	14306.1565
3	5.00E-05	50.63105	14304.44287
3	5.00E-05	50.89457	14421.22534
3	5.00E-05	51.15808	14599.47974
3	5.00E-05	51.4216	14803.54004
3	5.00E-05	51.68512	14878.0647
3	5.00E-05	51.94864	15012.37817
3	5.00E-05	52.21215	15198.46924
3	5.00E-05	52.47567	15362.06348
3	5.00E-05	52.73919	15472.55542
3	5.00E-05	53.00271	15742.75147
3	5.00E-05	53.26622	15822.77661
3	5.00E-05	53.52974	15962.23316
3	5.00E-05	53.79326	16162.71802
3	5.00E-05	54.05678	16169.07983
3	5.00E-05	54.3203	16414.96241
3	5.00E-05	54.58381	16565.78394
3	5.00E-05	54.84733	16552.64697
3	5.00E-05	55.11085	16775.93579
3	5.00E-05	55.37437	16890.95191
3	5.00E-05	55.63789	16973.65112
3	5.00E-05	55.9014	17131.93311
3	5.00E-05	56.16492	17236.44019
3	5.00E-05	56.42844	17312.05225
3	5.00E-05	56.69196	17409.12378
3	5.00E-05	56.95547	17512.00928
3	5.00E-05	57.21899	17581.73633
3	5.00E-05	57.48251	17642.73975
3	5.00E-05	57.74603	17771.63379
3	5.00E-05	58.00954	17868.49903
3	5.00E-05	58.27306	18004.07861
3	5.00E-05	58.53658	17981.1377
3	5.00E-05	58.8001	18130.35303
3	5.00E-05	59.06362	18173.98779
3	5.00E-05	59.32713	18301.20313
3	5.00E-05	59.59065	18271.49023
3	5.00E-05	59.85417	18451.09717
3	5.00E-05	60.11769	18533.30127
3	5.00E-05	60.38121	18548.11817
3	5.00E-05	60.64472	18708.17823
3	5.00E-05	60.90824	18763.25244
3	5.00E-05	61.17176	18839.93848
3	5.00E-05	61.43528	18949.41162
3	5.00E-05	61.6988	18979.58691
3	5.00E-05	61.96231	19017.45313
3	5.00E-05	62.22583	19110.15576
3	5.00E-05	62.48935	19188.43701
3	5.00E-05	62.75286	19246.14991
3	5.00E-05	63.01638	19411.57129
3	5.00E-05	63.2799	19394.42285
3	5.00E-05	63.54342	19620.2334
3	5.00E-05	63.80694	19554.88867
3	5.00E-05	64.07045	19670.86084
3	5.00E-05	64.33397	19777.79053
3	5.00E-05	64.59749	19812.39698
3	5.00E-05	64.86101	19803.44238
3	5.00E-05	65.12453	19857.93506
3	5.00E-05	65.38805	19956.33252
3	5.00E-05	65.65157	20054.84277
3	5.00E-05	65.91508	20013.30664
3	5.00E-05	66.1786	20075.4209
3	5.00E-05	66.44212	20094.73145
3	5.00E-05	66.70563	20226.18994
3	5.00E-05	66.96915	20120.75196
3	5.00E-05	67.23267	20275.04541
3	5.00E-05	67.49619	20263.22705
3	5.00E-05	67.7597	20261.37256
3	5.00E-05	68.02322	20425.63965
3	5.00E-05	68.28674	20266.00635
3	5.00E-05	68.55026	20467.82129
3	5.00E-05	68.81377	20382.01318
3	5.00E-05	69.07729	20424.72901
3	5.00E-05	69.34081	20469.32227
3	5.00E-05	69.60432	20470.45801
3	5.00E-05	69.86784	20480.5957
3	5.00E-05	70.13136	20601.89893
3	5.00E-05	70.39488	20579.14502
3	5.00E-05	70.6584	20579.21045
3	5.00E-05	70.92192	20628.92725
3	5.00E-05	71.18544	20521.72266
3	5.00E-05	71.44895	20602.99024
3	5.00E-05	71.71247	20698.27881
3	5.00E-05	71.97599	20598.80957
3	5.00E-05	72.2395	20555.15283
3	5.00E-05	72.50302	20553.57324
3	5.00E-05	72.76654	20518.52002
3	5.00E-05	73.03006	20507.98682
3	5.00E-05	73.29358	20599.87403
3	5.00E-05	73.5571	20475.99414
3	5.00E-05	73.82062	20483.85547
3	5.00E-05	74.08413	20547.10791
3	5.00E-05	74.34765	20501.08496
3	5.00E-05	74.61117	20481.13721
3	5.00E-05	74.87468	20460.23242
3	5.00E-05	75.1382	20492.46387
3	5.00E-05	75.40172	20366.6045
3	5.00E-05	75.66524	20331.4834
3	5.00E-05	75.92876	20431.91992
3	5.00E-05	76.19228	20294.01856
3	5.00E-05	76.4558	20425.53906
3	5.00E-05	76.71931	20352.08594
3	5.00E-05	76.98283	20345.91602
3	5.00E-05	77.24635	20252.93506
3	5.00E-05	77.50986	20352.70947
3	5.00E-05	77.77338	20294.69092
3	5.00E-05	78.0369	20289.09034
3	5.00E-05	78.30042	20254.49414
3	5.00E-05	78.56393	20186.66455
3	5.00E-05	78.82745	20122.72168
3	5.00E-05	79.09097	20152.39551
3	5.00E-05	79.35449	20150.5083
3	5.00E-05	79.618	19995.70703
3	5.00E-05	79.88152	20023.29444
3	5.00E-05	80.14503	19921.7461
3	5.00E-05	80.40856	19814.25635
3	5.00E-05	80.67207	19672.81348
3	5.00E-05	80.93559	19703.36914
3	5.00E-05	81.19911	19682.56494
3	5.00E-05	81.46263	19523.16309
3	5.00E-05	81.72615	19504.71875
3	5.00E-05	81.98966	19428.4751
3	5.00E-05	82.25318	19289.83448
3	5.00E-05	82.5167	19260.65479
3	5.00E-05	82.78022	19265.37744
3	5.00E-05	83.04374	19134.05078
3	5.00E-05	83.30725	19001.77344
3	5.00E-05	83.57077	18838.47314
3	5.00E-05	83.83429	18840.8418
3	5.00E-05	84.09781	18781.34326
3	5.00E-05	84.36133	18706.77539
3	5.00E-05	84.62484	18606.45557
3	5.00E-05	84.88836	18454.05713
3	5.00E-05	85.15188	18352.11133
3	5.00E-05	85.4154	18208.51123
3	5.00E-05	85.67892	18097.60108
3	5.00E-05	85.94243	18090.22314
3	5.00E-05	86.20595	17979.00782
3	5.00E-05	86.46947	17937.87549
3	5.00E-05	86.73299	17796.82715
3	5.00E-05	86.99651	17635.4419
3	5.00E-05	87.26002	17512.14551
3	5.00E-05	87.52354	17453.54151
3	5.00E-05	87.78706	17221.17309
3	5.00E-05	88.05058	17117.55542
3	5.00E-05	88.31409	17081.43237
3	5.00E-05	88.57761	17042.50415
3	5.00E-05	88.84113	16815.29468
3	5.00E-05	89.10464	16696.82495
3	5.00E-05	89.36816	16549.40381
3	5.00E-05	89.63168	16522.15064
3	5.00E-05	89.8952	16453.323
3	5.00E-05	90.15871	16337.45899
3	5.00E-05	90.42223	16210.63477
3	5.00E-05	90.68575	16095.82105
3	5.00E-05	90.94927	16008.20435
3	5.00E-05	91.21279	15914.81421
3	5.00E-05	91.4763	15730.82105
3	5.00E-05	91.73982	15629.27563
3	5.00E-05	92.00334	15454.97681
3	5.00E-05	92.26686	15428.02271
3	5.00E-05	92.53038	15323.41309
3	5.00E-05	92.79389	15105.75025
3	5.00E-05	93.05741	15000.52051
3	5.00E-05	93.32093	14931.96656
3	5.00E-05	93.58445	14829.7251
3	5.00E-05	93.84797	14729.51514
4	2.50E-05	20.3265	12243.72388
4	2.50E-05	20.59002	12104.4104
4	2.50E-05	20.85354	12133.30884
4	2.50E-05	21.11705	11996.10083
4	2.50E-05	21.38057	11951.07202
4	2.50E-05	21.64409	11964.53345
4	2.50E-05	21.90761	11923.79321
4	2.50E-05	22.17113	11890.06592
4	2.50E-05	22.43464	11836.50586
4	2.50E-05	22.69816	11866.48608
4	2.50E-05	22.96168	11777.77539
4	2.50E-05	23.2252	11790.76734
4	2.50E-05	23.48871	11792.45728
4	2.50E-05	23.75223	11772.55933
4	2.50E-05	24.01575	11719.59595
4	2.50E-05	24.27927	11710.44922
4	2.50E-05	24.54279	11704.96191
4	2.50E-05	24.8063	11596.67408
4	2.50E-05	25.06982	11667.40357
4	2.50E-05	25.33334	11638.59326
4	2.50E-05	25.59686	11632.86719
4	2.50E-05	25.86037	11683.13013
4	2.50E-05	26.12389	11568.22242
4	2.50E-05	26.38741	11591.92212
4	2.50E-05	26.65093	11561.32642
4	2.50E-05	26.91445	11560.57764
4	2.50E-05	27.17796	11618.23267
4	2.50E-05	27.44148	11480.8833
4	2.50E-05	27.705	11497.68824
4	2.50E-05	27.96852	11470.92139
4	2.50E-05	28.23203	11407.6626
4	2.50E-05	28.49555	11513.46655
4	2.50E-05	28.75907	11426.57031
4	2.50E-05	29.02259	11487.66065
4	2.50E-05	29.28611	11432.73096
4	2.50E-05	29.54962	11381.62573
4	2.50E-05	29.81314	11371.87915
4	2.50E-05	30.07666	11285.19067
4	2.50E-05	30.34018	11312.43482
4	2.50E-05	30.60369	11282.7395
4	2.50E-05	30.86721	11281.21021
4	2.50E-05	31.13073	11423.02466
4	2.50E-05	31.39425	11317.73364
4	2.50E-05	31.65776	11301.13599
4	2.50E-05	31.92128	11214.6228
4	2.50E-05	32.1848	11304.72608
4	2.50E-05	32.44832	11273.56714
4	2.50E-05	32.71184	11276.74854
4	2.50E-05	32.97536	11232.7461
4	2.50E-05	33.23887	11287.23536
4	2.50E-05	33.50239	11263.55078
4	2.50E-05	33.76591	11263.11817
4	2.50E-05	34.02943	11166.12183
4	2.50E-05	34.29295	11253.60083
4	2.50E-05	34.55646	11262.27393
4	2.50E-05	34.81998	11209.58081
4	2.50E-05	35.0835	11349.5105
4	2.50E-05	35.34702	11237.04077
4	2.50E-05	35.61053	11353.91358
4	2.50E-05	35.87405	11227.47461
4	2.50E-05	36.13757	11214.27442
4	2.50E-05	36.40108	11305.35522
4	2.50E-05	36.6646	11222.16187
4	2.50E-05	36.92812	11229.80567
4	2.50E-05	37.19164	11300.59424
4	2.50E-05	37.45516	11201.49023
4	2.50E-05	37.71867	11170.04443
4	2.50E-05	37.98219	11213.81445
4	2.50E-05	38.24571	11246.19775
4	2.50E-05	38.50923	11255.55102
4	2.50E-05	38.77275	11310.53638
4	2.50E-05	39.03626	11271.35962
4	2.50E-05	39.29978	11235.45239
4	2.50E-05	39.5633	11268.91016
4	2.50E-05	39.82682	11230.65307
4	2.50E-05	40.09034	11335.2417
4	2.50E-05	40.35385	11334.94238
4	2.50E-05	40.61737	11310.41309
4	2.50E-05	40.88089	11301.15308
4	2.50E-05	41.14441	11379.48486
4	2.50E-05	41.40792	11311.08618
4	2.50E-05	41.67144	11395.61548
4	2.50E-05	41.93496	11362.07007
4	2.50E-05	42.19848	11316.99927
4	2.50E-05	42.462	11437.88184
4	2.50E-05	42.72551	11471.00513
4	2.50E-05	42.98903	11487.76075
4	2.50E-05	43.25255	11526.11621
4	2.50E-05	43.51607	11579.32324
4	2.50E-05	43.77959	11572.91235
4	2.50E-05	44.0431	11662.08423
4	2.50E-05	44.30662	11704.69507
4	2.50E-05	44.57014	11715.68238
4	2.50E-05	44.83366	11746.87158
4	2.50E-05	45.09718	11768.03149
4	2.50E-05	45.36069	11774.09253
4	2.50E-05	45.62421	11867.53785
4	2.50E-05	45.88773	11883.22339
4	2.50E-05	46.15125	11987.63965
4	2.50E-05	46.41476	12029.50146
4	2.50E-05	46.67828	12149.84033
4	2.50E-05	46.9418	12155.9021
4	2.50E-05	47.20531	12202.9353
4	2.50E-05	47.46883	12267.60059
4	2.50E-05	47.73235	12383.70117
4	2.50E-05	47.99587	12515.23657
4	2.50E-05	48.25938	12566.39991
4	2.50E-05	48.5229	12685.59351
4	2.50E-05	48.78642	12683.5
4	2.50E-05	49.04994	12863.79663
4	2.50E-05	49.31346	12904.44287
4	2.50E-05	49.57698	13002.46607
4	2.50E-05	49.84049	13130.40967
4	2.50E-05	50.10401	13151.90967
4	2.50E-05	50.36753	13367.16113
4	2.50E-05	50.63105	13493.40088
4	2.50E-05	50.89457	13571.11108
4	2.50E-05	51.15808	13729.11499
4	2.50E-05	51.4216	13819.01148
4	2.50E-05	51.68512	13995.84619
4	2.50E-05	51.94864	14077.9856
4	2.50E-05	52.21215	14254.40308
4	2.50E-05	52.47567	14489.2461
4	2.50E-05	52.73919	14604.37891
4	2.50E-05	53.00271	14663.19702
4	2.50E-05	53.26622	14845.49854
4	2.50E-05	53.52974	14969.06836
4	2.50E-05	53.79326	15084.48462
4	2.50E-05	54.05678	15224.79566
4	2.50E-05	54.3203	15342.57447
4	2.50E-05	54.58381	15527.1958
4	2.50E-05	54.84733	15607.32373
4	2.50E-05	55.11085	15764.50195
4	2.50E-05	55.37437	15932.93189
4	2.50E-05	55.63789	15911.21362
4	2.50E-05	55.9014	15998.36548
4	2.50E-05	56.16492	16162.44727
4	2.50E-05	56.42844	16224.47608
4	2.50E-05	56.69196	16321.64209
4	2.50E-05	56.95547	16548.28125
4	2.50E-05	57.21899	16534.35987
4	2.50E-05	57.48251	16627.31079
4	2.50E-05	57.74603	16627.35083
4	2.50E-05	58.00954	16764.62158
4	2.50E-05	58.27306	16647.64209
4	2.50E-05	58.53658	16844.20264
4	2.50E-05	58.8001	16906.52417
4	2.50E-05	59.06362	16911.56274
4	2.50E-05	59.32713	17113.74854
4	2.50E-05	59.59065	17087.72461
4	2.50E-05	59.85417	17202.2793
4	2.50E-05	60.11769	17275.93896
4	2.50E-05	60.38121	17290.58399
4	2.50E-05	60.64472	17442.88501
4	2.50E-05	60.90824	17459.79395
4	2.50E-05	61.17176	17649.34619
4	2.50E-05	61.43528	17627.02441
4	2.50E-05	61.6988	17697.40381
4	2.50E-05	61.96231	17676.41577
4	2.50E-05	62.22583	17749.86695
4	2.50E-05	62.48935	17892.96582
4	2.50E-05	62.75286	17915.16675
4	2.50E-05	63.01638	17933.81885
4	2.50E-05	63.2799	18107.51416
4	2.50E-05	63.54342	18161.57959
4	2.50E-05	63.80694	18214.87061
4	2.50E-05	64.07045	18181.37305
4	2.50E-05	64.33397	18248.29932
4	2.50E-05	64.59749	18327.16797
4	2.50E-05	64.86101	18369.61035
4	2.50E-05	65.12453	18372.11768
4	2.50E-05	65.38805	18388.02344
4	2.50E-05	65.65157	18383.55957
4	2.50E-05	65.91508	18506.50049
4	2.50E-05	66.1786	18414.79248
4	2.50E-05	66.44212	18515.08106
4	2.50E-05	66.70563	18670.50293
4	2.50E-05	66.96915	18532.70117
4	2.50E-05	67.23267	18707.13623
4	2.50E-05	67.49619	18617.85693
4	2.50E-05	67.7597	18651.08838
4	2.50E-05	68.02322	18557.70312
4	2.50E-05	68.28674	18792.29297
4	2.50E-05	68.55026	18779.03516
4	2.50E-05	68.81377	18718.10352
4	2.50E-05	69.07729	18789.92627
4	2.50E-05	69.34081	18829.125
4	2.50E-05	69.60432	18879.26318
4	2.50E-05	69.86784	18837.48975
4	2.50E-05	70.13136	18851.89551
4	2.50E-05	70.39488	18755.59277
4	2.50E-05	70.6584	18835.78223
4	2.50E-05	70.92192	18873.81006
4	2.50E-05	71.18544	18778.4834
4	2.50E-05	71.44895	18829.60791
4	2.50E-05	71.71247	18874.39942
4	2.50E-05	71.97599	18792.54004
4	2.50E-05	72.2395	18781.72119
4	2.50E-05	72.50302	18799.82227
4	2.50E-05	72.76654	18726.07666
4	2.50E-05	73.03006	18768.24951
4	2.50E-05	73.29358	18822.23828
4	2.50E-05	73.5571	18752.81592
4	2.50E-05	73.82062	18726.13476
4	2.50E-05	74.08413	18688.02539
4	2.50E-05	74.34765	18683.32911
4	2.50E-05	74.61117	18713.80811
4	2.50E-05	74.87468	18627.05322
4	2.50E-05	75.1382	18589.12305
4	2.50E-05	75.40172	18587.35059
4	2.50E-05	75.66524	18633.46191
4	2.50E-05	75.92876	18529.70215
4	2.50E-05	76.19228	18573.41162
4	2.50E-05	76.4558	18628.76856
4	2.50E-05	76.71931	18493.95801
4	2.50E-05	76.98283	18524.8335
4	2.50E-05	77.24635	18512.62647
4	2.50E-05	77.50986	18505.51709
4	2.50E-05	77.77338	18415.2207
4	2.50E-05	78.0369	18401.02441
4	2.50E-05	78.30042	18375.31641
4	2.50E-05	78.56393	18344.52783
4	2.50E-05	78.82745	18340.49512
4	2.50E-05	79.09097	18260.88379
4	2.50E-05	79.35449	18249.07568
4	2.50E-05	79.618	18187.7959
4	2.50E-05	79.88152	18163.22608
4	2.50E-05	80.14503	18225.69043
4	2.50E-05	80.40856	18003.15137
4	2.50E-05	80.67207	17946.76807
4	2.50E-05	80.93559	17926.37549
4	2.50E-05	81.19911	17840.58789
4	2.50E-05	81.46263	17819.95825
4	2.50E-05	81.72615	17723.948
4	2.50E-05	81.98966	17590.55054
4	2.50E-05	82.25318	17467.51587
4	2.50E-05	82.5167	17379.54639
4	2.50E-05	82.78022	17287.49731
4	2.50E-05	83.04374	17259.03491
4	2.50E-05	83.30725	17184.41187
4	2.50E-05	83.57077	17102.16529
4	2.50E-05	83.83429	17020.12061
4	2.50E-05	84.09781	16842.32178
4	2.50E-05	84.36133	16787.17041
4	2.50E-05	84.62484	16727.09351
4	2.50E-05	84.88836	16615.14526
4	2.50E-05	85.15188	16446.69922
4	2.50E-05	85.4154	16284.875
4	2.50E-05	85.67892	16259.45142
4	2.50E-05	85.94243	16179.2627
4	2.50E-05	86.20595	15973.31323
4	2.50E-05	86.46947	16012.38233
4	2.50E-05	86.73299	15723.46191
4	2.50E-05	86.99651	15576.29419
4	2.50E-05	87.26002	15577.21875
4	2.50E-05	87.52354	15382.44067
4	2.50E-05	87.78706	15305.45435
4	2.50E-05	88.05058	15166.09082
4	2.50E-05	88.31409	15049.25586
4	2.50E-05	88.57761	14930.10181
4	2.50E-05	88.84113	14825.4856
4	2.50E-05	89.10464	14704.99658
4	2.50E-05	89.36816	14573.23023
4	2.50E-05	89.63168	14477.61353
4	2.50E-05	89.8952	14376.8457
4	2.50E-05	90.15871	14175.27637
4	2.50E-05	90.42223	14052.85303
4	2.50E-05	90.68575	13991.36914
4	2.50E-05	90.94927	13863.74341
4	2.50E-05	91.21279	13727.54395
4	2.50E-05	91.4763	13604.21241
4	2.50E-05	91.73982	13550.34863
4	2.50E-05	92.00334	13346.49268
4	2.50E-05	92.26686	13227.02759
4	2.50E-05	92.53038	13203.48706
4	2.50E-05	92.79389	13014.4541
4	2.50E-05	93.05741	12922.82666
4	2.50E-05	93.32093	12785.92774
4	2.50E-05	93.58445	12609.64112
4	2.50E-05	93.84797	12564.22217
5	6.25E-06	20.3265	9217.01331
5	6.25E-06	20.59002	9191.75684
5	6.25E-06	20.85354	9092.44617
5	6.25E-06	21.11705	9061.39844
5	6.25E-06	21.38057	8961.17737
5	6.25E-06	21.64409	9024.12012
5	6.25E-06	21.90761	8941.95471
5	6.25E-06	22.17113	8921.75586
5	6.25E-06	22.43464	8974.88135
5	6.25E-06	22.69816	8982.26001
5	6.25E-06	22.96168	8943.94812
5	6.25E-06	23.2252	8872.98425
5	6.25E-06	23.48871	8851.33667
5	6.25E-06	23.75223	8826.75378
5	6.25E-06	24.01575	8838.828
5	6.25E-06	24.27927	8822.76025
5	6.25E-06	24.54279	8778.4209
5	6.25E-06	24.8063	8777.35852
5	6.25E-06	25.06982	8723.34119
5	6.25E-06	25.33334	8811.65222
5	6.25E-06	25.59686	8653.2168
5	6.25E-06	25.86037	8657.82739
5	6.25E-06	26.12389	8644.67969
5	6.25E-06	26.38741	8707.45764
5	6.25E-06	26.65093	8667.349
5	6.25E-06	26.91445	8578.32214
5	6.25E-06	27.17796	8679.77686
5	6.25E-06	27.44148	8590.22839
5	6.25E-06	27.705	8657.0824
5	6.25E-06	27.96852	8597.93079
5	6.25E-06	28.23203	8601.1571
5	6.25E-06	28.49555	8555.91418
5	6.25E-06	28.75907	8478.57373
5	6.25E-06	29.02259	8616.14734
5	6.25E-06	29.28611	8486.5127
5	6.25E-06	29.54962	8522.33765
5	6.25E-06	29.81314	8489.2157
5	6.25E-06	30.07666	8519.51819
5	6.25E-06	30.34018	8457.59534
5	6.25E-06	30.60369	8420.08923
5	6.25E-06	30.86721	8434.62903
5	6.25E-06	31.13073	8407.36462
5	6.25E-06	31.39425	8500.45349
5	6.25E-06	31.65776	8370.80359
5	6.25E-06	31.92128	8352.62524
5	6.25E-06	32.1848	8479.27209
5	6.25E-06	32.44832	8419.81091
5	6.25E-06	32.71184	8352.44312
5	6.25E-06	32.97536	8449.89404
5	6.25E-06	33.23887	8321.23401
5	6.25E-06	33.50239	8341.65576
5	6.25E-06	33.76591	8335.81531
5	6.25E-06	34.02943	8303.70666
5	6.25E-06	34.29295	8369.28552
5	6.25E-06	34.55646	8287.71484
5	6.25E-06	34.81998	8235.83081
5	6.25E-06	35.0835	8328.87854
5	6.25E-06	35.34702	8311.88257
5	6.25E-06	35.61053	8335.3783
5	6.25E-06	35.87405	8242.47095
5	6.25E-06	36.13757	8308.49817
5	6.25E-06	36.40108	8322.20068
5	6.25E-06	36.6646	8213.42249
5	6.25E-06	36.92812	8201.55896
5	6.25E-06	37.19164	8332.42554
5	6.25E-06	37.45516	8289.3241
5	6.25E-06	37.71867	8299.71509
5	6.25E-06	37.98219	8248.91846
5	6.25E-06	38.24571	8220.54663
5	6.25E-06	38.50923	8288.11768
5	6.25E-06	38.77275	8207.45508
5	6.25E-06	39.03626	8248.61853
5	6.25E-06	39.29978	8295.77051
5	6.25E-06	39.5633	8262.21643
5	6.25E-06	39.82682	8217.95813
5	6.25E-06	40.09034	8231.42505
5	6.25E-06	40.35385	8307.9248
5	6.25E-06	40.61737	8268.39648
5	6.25E-06	40.88089	8255.77039
5	6.25E-06	41.14441	8299.81873
5	6.25E-06	41.40792	8325.47095
5	6.25E-06	41.67144	8262.4292
5	6.25E-06	41.93496	8306.8739
5	6.25E-06	42.19848	8306.41089
5	6.25E-06	42.462	8304.25745
5	6.25E-06	42.72551	8330.72937
5	6.25E-06	42.98903	8237.10266
5	6.25E-06	43.25255	8373.96362
5	6.25E-06	43.51607	8374.14282
5	6.25E-06	43.77959	8431.29883
5	6.25E-06	44.0431	8401.22913
5	6.25E-06	44.30662	8547.3197
5	6.25E-06	44.57014	8522.12659
5	6.25E-06	44.83366	8489.31116
5	6.25E-06	45.09718	8496.95508
5	6.25E-06	45.36069	8594.13269
5	6.25E-06	45.62421	8622.73853
5	6.25E-06	45.88773	8547.88086
5	6.25E-06	46.15125	8629.07178
5	6.25E-06	46.41476	8643.62402
5	6.25E-06	46.67828	8757.01123
5	6.25E-06	46.9418	8782.86169
5	6.25E-06	47.20531	8839.73206
5	6.25E-06	47.46883	8909.01831
5	6.25E-06	47.73235	8973.6156
5	6.25E-06	47.99587	8962.33276
5	6.25E-06	48.25938	9003.87158
5	6.25E-06	48.5229	9111.04785
5	6.25E-06	48.78642	9171.02551
5	6.25E-06	49.04994	9232.20386
5	6.25E-06	49.31346	9228.953
5	6.25E-06	49.57698	9291.66919
5	6.25E-06	49.84049	9390.07922
5	6.25E-06	50.10401	9466.44177
5	6.25E-06	50.36753	9545.27002
5	6.25E-06	50.63105	9606.24133
5	6.25E-06	50.89457	9634.82251
5	6.25E-06	51.15808	9796.9685
5	6.25E-06	51.4216	9870.03796
5	6.25E-06	51.68512	9836.80212
5	6.25E-06	51.94864	9996.32422
5	6.25E-06	52.21215	10160.6333
5	6.25E-06	52.47567	10159.67871
5	6.25E-06	52.73919	10267.13355
5	6.25E-06	53.00271	10395.79101
5	6.25E-06	53.26622	10469.15479
5	6.25E-06	53.52974	10611.2417
5	6.25E-06	53.79326	10624.3772
5	6.25E-06	54.05678	10773.46875
5	6.25E-06	54.3203	10903.90698
5	6.25E-06	54.58381	10910.1206
5	6.25E-06	54.84733	11026.65161
5	6.25E-06	55.11085	11167.14941
5	6.25E-06	55.37437	11237.0791
5	6.25E-06	55.63789	11235.93652
5	6.25E-06	55.9014	11281.80762
5	6.25E-06	56.16492	11341.57153
5	6.25E-06	56.42844	11389.72436
5	6.25E-06	56.69196	11417.05835
5	6.25E-06	56.95547	11463.1001
5	6.25E-06	57.21899	11498.37012
5	6.25E-06	57.48251	11587.76929
5	6.25E-06	57.74603	11634.5022
5	6.25E-06	58.00954	11643.13501
5	6.25E-06	58.27306	11718.72266
5	6.25E-06	58.53658	11721.76636
5	6.25E-06	58.8001	11744.94336
5	6.25E-06	59.06362	11851.01782
5	6.25E-06	59.32713	11820.28149
5	6.25E-06	59.59065	11915.36157
5	6.25E-06	59.85417	11893.92505
5	6.25E-06	60.11769	12034.2915
5	6.25E-06	60.38121	11966.07251
5	6.25E-06	60.64472	11944.19726
5	6.25E-06	60.90824	12053.90942
5	6.25E-06	61.17176	12092.32275
5	6.25E-06	61.43528	11994.60181
5	6.25E-06	61.6988	12092.79102
5	6.25E-06	61.96231	12184.30078
5	6.25E-06	62.22583	12178.65723
5	6.25E-06	62.48935	12265.62793
5	6.25E-06	62.75286	12237.85987
5	6.25E-06	63.01638	12311.45532
5	6.25E-06	63.2799	12218.93799
5	6.25E-06	63.54342	12386.79932
5	6.25E-06	63.80694	12321.7229
5	6.25E-06	64.07045	12388.77222
5	6.25E-06	64.33397	12428.40625
5	6.25E-06	64.59749	12324.55054
5	6.25E-06	64.86101	12389.07275
5	6.25E-06	65.12453	12354.53955
5	6.25E-06	65.38805	12454.88403
5	6.25E-06	65.65157	12404.49756
5	6.25E-06	65.91508	12442.01123
5	6.25E-06	66.1786	12494.40234
5	6.25E-06	66.44212	12426.35132
5	6.25E-06	66.70563	12489.0625
5	6.25E-06	66.96915	12507.43042
5	6.25E-06	67.23267	12550.9917
5	6.25E-06	67.49619	12479.052
5	6.25E-06	67.7597	12490.47657
5	6.25E-06	68.02322	12480.83642
5	6.25E-06	68.28674	12458.06128
5	6.25E-06	68.55026	12494.06616
5	6.25E-06	68.81377	12504.37061
5	6.25E-06	69.07729	12507.28809
5	6.25E-06	69.34081	12538.36963
5	6.25E-06	69.60432	12573.78882
5	6.25E-06	69.86784	12465.74024
5	6.25E-06	70.13136	12510.09937
5	6.25E-06	70.39488	12468.04517
5	6.25E-06	70.6584	12448.65088
5	6.25E-06	70.92192	12527.28711
5	6.25E-06	71.18544	12451.61084
5	6.25E-06	71.44895	12485.77344
5	6.25E-06	71.71247	12486.65088
5	6.25E-06	71.97599	12449.79908
5	6.25E-06	72.2395	12562.00171
5	6.25E-06	72.50302	12464.81958
5	6.25E-06	72.76654	12417.26343
5	6.25E-06	73.03006	12369.32178
5	6.25E-06	73.29358	12387.09595
5	6.25E-06	73.5571	12347.63135
5	6.25E-06	73.82062	12363.63233
5	6.25E-06	74.08413	12341.29395
5	6.25E-06	74.34765	12225.08985
5	6.25E-06	74.61117	12280.29346
5	6.25E-06	74.87468	12216.30908
5	6.25E-06	75.1382	12233.06787
5	6.25E-06	75.40172	12264.1709
5	6.25E-06	75.66524	12175.39185
5	6.25E-06	75.92876	12150.71289
5	6.25E-06	76.19228	12163.12817
5	6.25E-06	76.4558	12046.85987
5	6.25E-06	76.71931	12162.73926
5	6.25E-06	76.98283	12144.36865
5	6.25E-06	77.24635	12107.11768
5	6.25E-06	77.50986	12165.68506
5	6.25E-06	77.77338	12071.32934
5	6.25E-06	78.0369	12046.09961
5	6.25E-06	78.30042	12018.52368
5	6.25E-06	78.56393	12023.76831
5	6.25E-06	78.82745	11961.15723
5	6.25E-06	79.09097	11972.61059
5	6.25E-06	79.35449	11943.99121
5	6.25E-06	79.618	11886.3335
5	6.25E-06	79.88152	11873.75586
5	6.25E-06	80.14503	11795.46362
5	6.25E-06	80.40856	11900.09351
5	6.25E-06	80.67207	11690.59497
5	6.25E-06	80.93559	11807.87085
5	6.25E-06	81.19911	11676.79053
5	6.25E-06	81.46263	11648.37939
5	6.25E-06	81.72615	11577.3147
5	6.25E-06	81.98966	11555.97437
5	6.25E-06	82.25318	11474.94067
5	6.25E-06	82.5167	11387.69751
5	6.25E-06	82.78022	11372.89673
5	6.25E-06	83.04374	11367.70874
5	6.25E-06	83.30725	11249.27026
5	6.25E-06	83.57077	11174.68335
5	6.25E-06	83.83429	11168.59497
5	6.25E-06	84.09781	11065.48682
5	6.25E-06	84.36133	11030.21289
5	6.25E-06	84.62484	11012.67432
5	6.25E-06	84.88836	10914.09082
5	6.25E-06	85.15188	10767.93213
5	6.25E-06	85.4154	10773.12915
5	6.25E-06	85.67892	10642.00781
5	6.25E-06	85.94243	10610.90088
5	6.25E-06	86.20595	10559.38037
5	6.25E-06	86.46947	10572.74268
5	6.25E-06	86.73299	10418.15466
5	6.25E-06	86.99651	10364.0968
5	6.25E-06	87.26002	10312.64966
5	6.25E-06	87.52354	10268.21277
5	6.25E-06	87.78706	10227.28967
5	6.25E-06	88.05058	10108.47424
5	6.25E-06	88.31409	10066.19446
5	6.25E-06	88.57761	9928.40906
5	6.25E-06	88.84113	9861.91919
5	6.25E-06	89.10464	9792.52869
5	6.25E-06	89.36816	9667.21533
5	6.25E-06	89.63168	9620.92419
5	6.25E-06	89.8952	9551.80163
5	6.25E-06	90.15871	9488.26758
5	6.25E-06	90.42223	9439.61377
5	6.25E-06	90.68575	9313.17114
5	6.25E-06	90.94927	9290.47864
5	6.25E-06	91.21279	9199.37
5	6.25E-06	91.4763	9174.45398
5	6.25E-06	91.73982	9120.3418
5	6.25E-06	92.00334	8980.52576
5	6.25E-06	92.26686	8926.24854
5	6.25E-06	92.53038	8862.80481
5	6.25E-06	92.79389	8704.22058
5	6.25E-06	93.05741	8690.61243
5	6.25E-06	93.32093	8693.27991
5	6.25E-06	93.58445	8494.48486
5	6.25E-06	93.84797	8520.57178
6	3.13E-06	20.3265	9259.84302
6	3.13E-06	20.59002	9159.17871
6	3.13E-06	20.85354	9182.81934
6	3.13E-06	21.11705	9130.66553
6	3.13E-06	21.38057	9055.58374
6	3.13E-06	21.64409	9017.15454
6	3.13E-06	21.90761	9082.3584
6	3.13E-06	22.17113	9048.07617
6	3.13E-06	22.43464	9041.09522
6	3.13E-06	22.69816	9059.80835
6	3.13E-06	22.96168	9042.76978
6	3.13E-06	23.2252	8974.81006
6	3.13E-06	23.48871	8934.47803
6	3.13E-06	23.75223	9026.25464
6	3.13E-06	24.01575	8922.43164
6	3.13E-06	24.27927	8880.11133
6	3.13E-06	24.54279	8986.94995
6	3.13E-06	24.8063	8860.52979
6	3.13E-06	25.06982	8886.21631
6	3.13E-06	25.33334	8889.57568
6	3.13E-06	25.59686	8860.26648
6	3.13E-06	25.86037	8832.15063
6	3.13E-06	26.12389	8871.35803
6	3.13E-06	26.38741	8800.5752
6	3.13E-06	26.65093	8851.5116
6	3.13E-06	26.91445	8854.91809
6	3.13E-06	27.17796	8809.8064
6	3.13E-06	27.44148	8767.32593
6	3.13E-06	27.705	8776.93591
6	3.13E-06	27.96852	8784.54883
6	3.13E-06	28.23203	8766.83374
6	3.13E-06	28.49555	8833.59021
6	3.13E-06	28.75907	8802.83289
6	3.13E-06	29.02259	8787.57556
6	3.13E-06	29.28611	8796.38355
6	3.13E-06	29.54962	8833.50903
6	3.13E-06	29.81314	8742.52209
6	3.13E-06	30.07666	8789.76379
6	3.13E-06	30.34018	8750.41016
6	3.13E-06	30.60369	8753.9624
6	3.13E-06	30.86721	8792.73499
6	3.13E-06	31.13073	8726.26514
6	3.13E-06	31.39425	8759.65234
6	3.13E-06	31.65776	8788.276
6	3.13E-06	31.92128	8757.73718
6	3.13E-06	32.1848	8788.59326
6	3.13E-06	32.44832	8877.55933
6	3.13E-06	32.71184	8765.00134
6	3.13E-06	32.97536	8897.57532
6	3.13E-06	33.23887	8851.81506
6	3.13E-06	33.50239	8829.75305
6	3.13E-06	33.76591	8763.86536
6	3.13E-06	34.02943	8894.00098
6	3.13E-06	34.29295	8834.41064
6	3.13E-06	34.55646	8843.61963
6	3.13E-06	34.81998	8899.36951
6	3.13E-06	35.0835	8967.22253
6	3.13E-06	35.34702	8939.08435
6	3.13E-06	35.61053	8936.45776
6	3.13E-06	35.87405	8961.65918
6	3.13E-06	36.13757	8973.34802
6	3.13E-06	36.40108	8936.13428
6	3.13E-06	36.6646	8876.8324
6	3.13E-06	36.92812	8955.28467
6	3.13E-06	37.19164	8978.74292
6	3.13E-06	37.45516	8942.65894
6	3.13E-06	37.71867	8993.72522
6	3.13E-06	37.98219	8980.72168
6	3.13E-06	38.24571	9064.98779
6	3.13E-06	38.50923	9058.13403
6	3.13E-06	38.77275	9029.64355
6	3.13E-06	39.03626	9077.29565
6	3.13E-06	39.29978	9040.24487
6	3.13E-06	39.5633	9018.62329
6	3.13E-06	39.82682	9073.0166
6	3.13E-06	40.09034	9083.68042
6	3.13E-06	40.35385	9057.41333
6	3.13E-06	40.61737	9111.79883
6	3.13E-06	40.88089	9096.323
6	3.13E-06	41.14441	9090.92847
6	3.13E-06	41.40792	9184.79809
6	3.13E-06	41.67144	9145.4856
6	3.13E-06	41.93496	9184.27026
6	3.13E-06	42.19848	9213.39722
6	3.13E-06	42.462	9246.38599
6	3.13E-06	42.72551	9237.87207
6	3.13E-06	42.98903	9314.89404
6	3.13E-06	43.25255	9299.97314
6	3.13E-06	43.51607	9269.30811
6	3.13E-06	43.77959	9312.56836
6	3.13E-06	44.0431	9361.94946
6	3.13E-06	44.30662	9477.20923
6	3.13E-06	44.57014	9421.42017
6	3.13E-06	44.83366	9461.78735
6	3.13E-06	45.09718	9458.81494
6	3.13E-06	45.36069	9545.24438
6	3.13E-06	45.62421	9602.70215
6	3.13E-06	45.88773	9575.37427
6	3.13E-06	46.15125	9698.81201
6	3.13E-06	46.41476	9650.51416
6	3.13E-06	46.67828	9696.53735
6	3.13E-06	46.9418	9783.27637
6	3.13E-06	47.20531	9837.34912
6	3.13E-06	47.46883	9927.19751
6	3.13E-06	47.73235	9968.30469
6	3.13E-06	47.99587	10124.0852
6	3.13E-06	48.25938	10023.51929
6	3.13E-06	48.5229	10141.62378
6	3.13E-06	48.78642	10268.46826
6	3.13E-06	49.04994	10318.38843
6	3.13E-06	49.31346	10349.58447
6	3.13E-06	49.57698	10494.73364
6	3.13E-06	49.84049	10507.62158
6	3.13E-06	50.10401	10650.38135
6	3.13E-06	50.36753	10594.48926
6	3.13E-06	50.63105	10831.13013
6	3.13E-06	50.89457	10844.15063
6	3.13E-06	51.15808	11000.1792
6	3.13E-06	51.4216	11058.27173
6	3.13E-06	51.68512	11194.64917
6	3.13E-06	51.94864	11279.0022
6	3.13E-06	52.21215	11431.48145
6	3.13E-06	52.47567	11618.06494
6	3.13E-06	52.73919	11641.88501
6	3.13E-06	53.00271	11817.08716
6	3.13E-06	53.26622	11944.40161
6	3.13E-06	53.52974	12022.47192
6	3.13E-06	53.79326	12106.7124
6	3.13E-06	54.05678	12252.50171
6	3.13E-06	54.3203	12406.17822
6	3.13E-06	54.58381	12440.33643
6	3.13E-06	54.84733	12568.60107
6	3.13E-06	55.11085	12595.1482
6	3.13E-06	55.37437	12740.17896
6	3.13E-06	55.63789	12815.1084
6	3.13E-06	55.9014	12858.13452
6	3.13E-06	56.16492	12932.49024
6	3.13E-06	56.42844	13026.27173
6	3.13E-06	56.69196	13136.1543
6	3.13E-06	56.95547	13158.33643
6	3.13E-06	57.21899	13227.70899
6	3.13E-06	57.48251	13286.32031
6	3.13E-06	57.74603	13320.36987
6	3.13E-06	58.00954	13431.81641
6	3.13E-06	58.27306	13423.93115
6	3.13E-06	58.53658	13448.823
6	3.13E-06	58.8001	13537.02735
6	3.13E-06	59.06362	13625.76953
6	3.13E-06	59.32713	13648.72778
6	3.13E-06	59.59065	13623.46899
6	3.13E-06	59.85417	13689.62451
6	3.13E-06	60.11769	13726.50903
6	3.13E-06	60.38121	13859.12622
6	3.13E-06	60.64472	13725.6792
6	3.13E-06	60.90824	13772.19116
6	3.13E-06	61.17176	13849.01001
6	3.13E-06	61.43528	13941.44361
6	3.13E-06	61.6988	13950.34009
6	3.13E-06	61.96231	13996.39111
6	3.13E-06	62.22583	14067.99072
6	3.13E-06	62.48935	14029.2251
6	3.13E-06	62.75286	14049.1626
6	3.13E-06	63.01638	14197.97144
6	3.13E-06	63.2799	14163.62793
6	3.13E-06	63.54342	14185.07544
6	3.13E-06	63.80694	14169.06983
6	3.13E-06	64.07045	14229.08936
6	3.13E-06	64.33397	14148.18384
6	3.13E-06	64.59749	14266.5481
6	3.13E-06	64.86101	14184.40039
6	3.13E-06	65.12453	14274.55664
6	3.13E-06	65.38805	14274.84961
6	3.13E-06	65.65157	14304.14331
6	3.13E-06	65.91508	14223.04541
6	3.13E-06	66.1786	14278.56226
6	3.13E-06	66.44212	14257.93482
6	3.13E-06	66.70563	14356.6499
6	3.13E-06	66.96915	14374.28418
6	3.13E-06	67.23267	14331.06201
6	3.13E-06	67.49619	14293.50318
6	3.13E-06	67.7597	14390.64112
6	3.13E-06	68.02322	14397.14307
6	3.13E-06	68.28674	14349.37622
6	3.13E-06	68.55026	14389.594
6	3.13E-06	68.81377	14355.65356
6	3.13E-06	69.07729	14438.11035
6	3.13E-06	69.34081	14382.96289
6	3.13E-06	69.60432	14364.65601
6	3.13E-06	69.86784	14387.13159
6	3.13E-06	70.13136	14403.72388
6	3.13E-06	70.39488	14324.72217
6	3.13E-06	70.6584	14314.87329
6	3.13E-06	70.92192	14261.77881
6	3.13E-06	71.18544	14316.20215
6	3.13E-06	71.44895	14299.36304
6	3.13E-06	71.71247	14315.31812
6	3.13E-06	71.97599	14222.39087
6	3.13E-06	72.2395	14254.45264
6	3.13E-06	72.50302	14303.90625
6	3.13E-06	72.76654	14258.94897
6	3.13E-06	73.03006	14243.85425
6	3.13E-06	73.29358	14214.60376
6	3.13E-06	73.5571	14181.48389
6	3.13E-06	73.82062	14175.30738
6	3.13E-06	74.08413	14188.51343
6	3.13E-06	74.34765	14113.1394
6	3.13E-06	74.61117	14176.19653
6	3.13E-06	74.87468	14135.52563
6	3.13E-06	75.1382	14104.44092
6	3.13E-06	75.40172	14101.88428
6	3.13E-06	75.66524	14077.14526
6	3.13E-06	75.92876	14049.4519
6	3.13E-06	76.19228	14079.7583
6	3.13E-06	76.4558	14058.19361
6	3.13E-06	76.71931	14077.97583
6	3.13E-06	76.98283	14038.1062
6	3.13E-06	77.24635	13991.31104
6	3.13E-06	77.50986	13985.06836
6	3.13E-06	77.77338	14068.26099
6	3.13E-06	78.0369	13957.13818
6	3.13E-06	78.30042	13930.05664
6	3.13E-06	78.56393	13971.26172
6	3.13E-06	78.82745	13913.74243
6	3.13E-06	79.09097	13897.49219
6	3.13E-06	79.35449	13897.64453
6	3.13E-06	79.618	13801.01343
6	3.13E-06	79.88152	13789.98047
6	3.13E-06	80.14503	13722.50244
6	3.13E-06	80.40856	13769.27027
6	3.13E-06	80.67207	13682.97485
6	3.13E-06	80.93559	13670.07178
6	3.13E-06	81.19911	13584.36206
6	3.13E-06	81.46263	13516.1897
6	3.13E-06	81.72615	13525.00122
6	3.13E-06	81.98966	13557.9707
6	3.13E-06	82.25318	13420.57178
6	3.13E-06	82.5167	13411.08472
6	3.13E-06	82.78022	13318.2566
6	3.13E-06	83.04374	13315.5542
6	3.13E-06	83.30725	13324.45777
6	3.13E-06	83.57077	13141.78687
6	3.13E-06	83.83429	13121.41822
6	3.13E-06	84.09781	13081.42554
6	3.13E-06	84.36133	13037.92017
6	3.13E-06	84.62484	12951.19434
6	3.13E-06	84.88836	12907.28785
6	3.13E-06	85.15188	12826.87109
6	3.13E-06	85.4154	12852.60694
6	3.13E-06	85.67892	12729.06421
6	3.13E-06	85.94243	12604.28345
6	3.13E-06	86.20595	12600.9646
6	3.13E-06	86.46947	12524.09058
6	3.13E-06	86.73299	12490.7312
6	3.13E-06	86.99651	12424.71704
6	3.13E-06	87.26002	12270.18262
6	3.13E-06	87.52354	12264.70728
6	3.13E-06	87.78706	12128.16162
6	3.13E-06	88.05058	12115.89624
6	3.13E-06	88.31409	12069.73926
6	3.13E-06	88.57761	12003.01367
6	3.13E-06	88.84113	11882.12744
6	3.13E-06	89.10464	11920.30762
6	3.13E-06	89.36816	11860.08887
6	3.13E-06	89.63168	11694.3252
6	3.13E-06	89.8952	11712.15308
6	3.13E-06	90.15871	11638.09619
6	3.13E-06	90.42223	11522.46509
6	3.13E-06	90.68575	11536.20654
6	3.13E-06	90.94927	11377.68482
6	3.13E-06	91.21279	11307.80102
6	3.13E-06	91.4763	11257.17896
6	3.13E-06	91.73982	11170.82471
6	3.13E-06	92.00334	11101.30982
6	3.13E-06	92.26686	10952.90625
6	3.13E-06	92.53038	10916.99732
6	3.13E-06	92.79389	10930.54981
6	3.13E-06	93.05741	10705.11401
6	3.13E-06	93.32093	10734.34937
6	3.13E-06	93.58445	10716.60181
6	3.13E-06	93.84797	10598.51221
7	2.00E-04	20.32649994	14810.7002
7	2.00E-04	20.59001923	14737.48291
7	2.00E-04	20.85353661	14646.73291
7	2.00E-04	21.11705399	14520.28174
7	2.00E-04	21.38057137	14552.10718
7	2.00E-04	21.64408875	14550.87939
7	2.00E-04	21.90760803	14437.84375
7	2.00E-04	22.17112541	14373.14136
7	2.00E-04	22.43464279	14284.73779
7	2.00E-04	22.69816017	14302.42383
7	2.00E-04	22.96167755	14366.14282
7	2.00E-04	23.22519684	14253.7168
7	2.00E-04	23.48871422	14287.13501
7	2.00E-04	23.7522316	14221.69189
7	2.00E-04	24.01574898	14220.88696
7	2.00E-04	24.27926636	14160.42944
7	2.00E-04	24.54278564	14084.19019
7	2.00E-04	24.80630302	14142.42871
7	2.00E-04	25.0698204	14039.92041
7	2.00E-04	25.33333969	14063.57251
7	2.00E-04	25.59685516	13981.10815
7	2.00E-04	25.86037445	13961.00439
7	2.00E-04	26.12389183	14003.35693
7	2.00E-04	26.38740921	13981.09204
7	2.00E-04	26.6509285	13978.29077
7	2.00E-04	26.91444588	13926.99487
7	2.00E-04	27.17796326	13835.67578
7	2.00E-04	27.44148064	13866.00146
7	2.00E-04	27.70499802	13891.94702
7	2.00E-04	27.9685173	13841.03174
7	2.00E-04	28.23203468	13769.5647
7	2.00E-04	28.49555206	13738.14624
7	2.00E-04	28.75907135	13738.17969
7	2.00E-04	29.02258682	13708.23193
7	2.00E-04	29.28610611	13647.77661
7	2.00E-04	29.54962349	13623.93652
7	2.00E-04	29.81314087	13518.9873
7	2.00E-04	30.07666016	13680.38452
7	2.00E-04	30.34017563	13616.67847
7	2.00E-04	30.60369492	13621.92847
7	2.00E-04	30.8672123	13654.74072
7	2.00E-04	31.13072968	13468.53467
7	2.00E-04	31.39424896	13550.76294
7	2.00E-04	31.65776443	13443.48633
7	2.00E-04	31.92128372	13491.50293
7	2.00E-04	32.18479919	13464.26563
7	2.00E-04	32.44831848	13595.88843
7	2.00E-04	32.71183777	13487.40527
7	2.00E-04	32.97535706	13409.48657
7	2.00E-04	33.23887253	13393.14624
7	2.00E-04	33.502388	13406.26489
7	2.00E-04	33.76590729	13405.39795
7	2.00E-04	34.02942657	13407.6499
7	2.00E-04	34.29294586	13330.83447
7	2.00E-04	34.55646133	13297.43921
7	2.00E-04	34.81997681	13270.09204
7	2.00E-04	35.08349609	13202.05444
7	2.00E-04	35.34701538	13264.72314
7	2.00E-04	35.61053467	13309.69922
7	2.00E-04	35.87405014	13344.66406
7	2.00E-04	36.13756561	13272.52222
7	2.00E-04	36.4010849	13257.8335
7	2.00E-04	36.66460419	13228.34888
7	2.00E-04	36.92812347	13232.97778
7	2.00E-04	37.19163895	13360.08472
7	2.00E-04	37.45515823	13160.7312
7	2.00E-04	37.71867371	13253.23022
7	2.00E-04	37.98219299	13265.77319
7	2.00E-04	38.24571228	13193.18408
7	2.00E-04	38.50922775	13164.58105
7	2.00E-04	38.77274704	13188.08569
7	2.00E-04	39.03626251	13216.10205
7	2.00E-04	39.2997818	13219.34766
7	2.00E-04	39.56330109	13160.13013
7	2.00E-04	39.82681656	13230.50537
7	2.00E-04	40.09033585	13240.39624
7	2.00E-04	40.35385132	13130.50098
7	2.00E-04	40.61737061	13192.7981
7	2.00E-04	40.88088989	13162.25366
7	2.00E-04	41.14440918	13087.84351
7	2.00E-04	41.40792465	13242.97656
7	2.00E-04	41.67144012	13118.63452
7	2.00E-04	41.93495941	13162.104
7	2.00E-04	42.1984787	13303.88184
7	2.00E-04	42.46199799	13096.21362
7	2.00E-04	42.72551346	13195.05542
7	2.00E-04	42.98902893	13243.2207
7	2.00E-04	43.25254822	13217.87085
7	2.00E-04	43.5160675	13250.17236
7	2.00E-04	43.77958679	13262.4812
7	2.00E-04	44.04310226	13158.30493
7	2.00E-04	44.30661774	13289.92358
7	2.00E-04	44.57013702	13214.53564
7	2.00E-04	44.83365631	13273.44312
7	2.00E-04	45.0971756	13328.37769
7	2.00E-04	45.36069107	13254.41528
7	2.00E-04	45.62420654	13237.74243
7	2.00E-04	45.88772583	13284.28931
7	2.00E-04	46.15124512	13376.72144
7	2.00E-04	46.4147644	13274.25586
7	2.00E-04	46.67827988	13261.0459
7	2.00E-04	46.94179535	13503.61572
7	2.00E-04	47.20531464	13345.17188
7	2.00E-04	47.46883392	13372.38062
7	2.00E-04	47.73235321	13349.39185
7	2.00E-04	47.99586868	13328.76807
7	2.00E-04	48.25938416	13399.78418
7	2.00E-04	48.52290344	13498.02783
7	2.00E-04	48.78642273	13347.97852
7	2.00E-04	49.04994202	13428.83496
7	2.00E-04	49.31345749	13407.27856
7	2.00E-04	49.57697678	13540.16772
7	2.00E-04	49.84049225	13400.48877
7	2.00E-04	50.10401154	13436.7937
7	2.00E-04	50.36753082	13521.23193
7	2.00E-04	50.6310463	13591.37061
7	2.00E-04	50.89456558	13528.67627
7	2.00E-04	51.15808105	13591.20728
7	2.00E-04	51.42160034	13551.3103
7	2.00E-04	51.68511963	13586.80493
7	2.00E-04	51.9486351	13593.08325
7	2.00E-04	52.21215439	13685.58643
7	2.00E-04	52.47566986	13615.72461
7	2.00E-04	52.73918915	13669.45288
7	2.00E-04	53.00270844	13471.42554
7	2.00E-04	53.26622391	13631.96582
7	2.00E-04	53.52974319	13747.79541
7	2.00E-04	53.79326248	13773.0918
7	2.00E-04	54.05677795	13757.479
7	2.00E-04	54.32029724	13829.82715
7	2.00E-04	54.58381271	13755.99219
7	2.00E-04	54.847332	14027.64307
7	2.00E-04	55.11085129	13871.72729
7	2.00E-04	55.37436676	13807.70313
7	2.00E-04	55.63788605	13907.82104
7	2.00E-04	55.90140152	13847.19897
7	2.00E-04	56.16492081	13939.19897
7	2.00E-04	56.42844009	14058.96143
7	2.00E-04	56.69195557	13993.3479
7	2.00E-04	56.95547485	14036.64453
7	2.00E-04	57.21899033	13948.71143
7	2.00E-04	57.48250961	14182.47559
7	2.00E-04	57.7460289	14102.50659
7	2.00E-04	58.00954437	14201.20459
7	2.00E-04	58.27306366	14283.09839
7	2.00E-04	58.53658295	14226.15308
7	2.00E-04	58.80009842	14285.08032
7	2.00E-04	59.06361771	14435.18164
7	2.00E-04	59.32713318	14428.91016
7	2.00E-04	59.59065247	14500.46631
7	2.00E-04	59.85417175	14590.16821
7	2.00E-04	60.11768723	14624.84937
7	2.00E-04	60.38120651	14667.97485
7	2.00E-04	60.64472198	14864.53857
7	2.00E-04	60.90824127	14774.10693
7	2.00E-04	61.17176056	14927.84082
7	2.00E-04	61.43527603	15094.66431
7	2.00E-04	61.69879532	15152.78125
7	2.00E-04	61.96231079	15196.56714
7	2.00E-04	62.22583008	15252.24121
7	2.00E-04	62.48934937	15493.27612
7	2.00E-04	62.75286484	15626.26611
7	2.00E-04	63.01638412	15703.15308
7	2.00E-04	63.2798996	15752.14429
7	2.00E-04	63.54341888	15805.92041
7	2.00E-04	63.80693817	16016.21045
7	2.00E-04	64.07044983	16121.11694
7	2.00E-04	64.33396912	16275.81543
7	2.00E-04	64.5974884	16467.69678
7	2.00E-04	64.86100769	16588.09473
7	2.00E-04	65.12452698	16632.87476
7	2.00E-04	65.38804626	16751.5498
7	2.00E-04	65.65156555	16919
7	2.00E-04	65.91508484	17076.37817
7	2.00E-04	66.1785965	17309.08008
7	2.00E-04	66.44211578	17492.74438
7	2.00E-04	66.70562744	17649.7688
7	2.00E-04	66.96914673	17766.09863
7	2.00E-04	67.23266602	17820.45923
7	2.00E-04	67.4961853	18020.29541
7	2.00E-04	67.75970459	18220.56885
7	2.00E-04	68.02322388	18507.09961
7	2.00E-04	68.28674316	18592.96021
7	2.00E-04	68.55026245	18799.90186
7	2.00E-04	68.81377411	18946.16748
7	2.00E-04	69.0772934	19047.79639
7	2.00E-04	69.34080505	19342.70654
7	2.00E-04	69.60432434	19534.28369
7	2.00E-04	69.86784363	19607.02197
7	2.00E-04	70.13136292	19867.07422
7	2.00E-04	70.3948822	19955.95947
7	2.00E-04	70.65840149	20017.22852
7	2.00E-04	70.92192078	20323.20117
7	2.00E-04	71.18544006	20398.45801
7	2.00E-04	71.44895172	20555.79834
7	2.00E-04	71.71247101	20692.65918
7	2.00E-04	71.9759903	20710.23047
7	2.00E-04	72.23950195	20876.86328
7	2.00E-04	72.50302124	20955.24463
7	2.00E-04	72.76654053	20974.85986
7	2.00E-04	73.03005981	21128.56934
7	2.00E-04	73.2935791	21176.56934
7	2.00E-04	73.55709839	21332.50732
7	2.00E-04	73.82061768	21174.5083
7	2.00E-04	74.08412933	21231.84473
7	2.00E-04	74.34764862	21259.63672
7	2.00E-04	74.61116791	21423.51563
7	2.00E-04	74.87467957	21352.69385
7	2.00E-04	75.13819885	21469.80762
7	2.00E-04	75.40171814	21363.91064
7	2.00E-04	75.66523743	21317.49756
7	2.00E-04	75.92875671	21402.16553
7	2.00E-04	76.192276	21367.46973
7	2.00E-04	76.45579529	21394.87158
7	2.00E-04	76.71931458	21385.00732
7	2.00E-04	76.98282623	21374.84814
7	2.00E-04	77.24634552	21238.17432
7	2.00E-04	77.50985718	21313.25195
7	2.00E-04	77.77337646	21228.61572
7	2.00E-04	78.03689575	21160.40576
7	2.00E-04	78.30041504	21125.94873
7	2.00E-04	78.56393433	21050.28223
7	2.00E-04	78.82745361	21051.5791
7	2.00E-04	79.0909729	20919.44336
7	2.00E-04	79.35449219	20888.55469
7	2.00E-04	79.61800385	20924.18018
7	2.00E-04	79.88152313	20815.21533
7	2.00E-04	80.14503479	20680.5625
7	2.00E-04	80.40856171	20578.89453
7	2.00E-04	80.67207336	20558.57471
7	2.00E-04	80.93559265	20615.28223
7	2.00E-04	81.19911194	20446.0293
7	2.00E-04	81.46263123	20221.66797
7	2.00E-04	81.72615051	20183.82275
7	2.00E-04	81.98966217	20111.6875
7	2.00E-04	82.25318146	20007.8457
7	2.00E-04	82.51670074	19872.85303
7	2.00E-04	82.78022003	19693.99805
7	2.00E-04	83.04373932	19612.94141
7	2.00E-04	83.30725098	19476.30859
7	2.00E-04	83.57077026	19334.41113
7	2.00E-04	83.83428955	19212.53369
7	2.00E-04	84.09780884	19156.8877
7	2.00E-04	84.36132813	19020.0918
7	2.00E-04	84.62483978	18865.53564
7	2.00E-04	84.88835907	18720.86426
7	2.00E-04	85.15187836	18633.73535
7	2.00E-04	85.41539764	18484.09229
7	2.00E-04	85.67891693	18264.13721
7	2.00E-04	85.94242859	18036.13623
7	2.00E-04	86.20594788	17847.96533
7	2.00E-04	86.46946716	17710.44873
7	2.00E-04	86.73298645	17605.40625
7	2.00E-04	86.99650574	17426.09717
7	2.00E-04	87.2600174	17285.42896
7	2.00E-04	87.52353668	16940.10425
7	2.00E-04	87.78705597	16828.33911
7	2.00E-04	88.05057526	16810.16284
7	2.00E-04	88.31409454	16477.43872
7	2.00E-04	88.5776062	16246.47388
7	2.00E-04	88.84112549	16234.34912
7	2.00E-04	89.10464478	15994.54272
7	2.00E-04	89.36816406	15706.90771
7	2.00E-04	89.63168335	15630.96533
7	2.00E-04	89.89520264	15497.72217
7	2.00E-04	90.15871429	15165.65967
7	2.00E-04	90.42223358	14985.68359
7	2.00E-04	90.68575287	14889.47632
7	2.00E-04	90.94927216	14818.13501
7	2.00E-04	91.21279144	14646.38599
7	2.00E-04	91.4763031	14497.34692
7	2.00E-04	91.73982239	14330.3186
7	2.00E-04	92.00334167	14227.89331
7	2.00E-04	92.26686096	14085.74756
7	2.00E-04	92.53038025	13920.00684
7	2.00E-04	92.79389191	13753.67773
7	2.00E-04	93.05741119	13709.96143
7	2.00E-04	93.32093048	13646.27148
7	2.00E-04	93.58444977	13640.3916
7	2.00E-04	93.84796906	13789.10718
7	2.00E-04	94.11148071	13917.69019
7	2.00E-04	94.375	13898.69873
7	2.00E-04	94.63851929	13464.19556
7	2.00E-04	94.90203857	13345.49927
8	0	20.3265	9013.16382
8	0	20.59002	8882.78137
8	0	20.85354	8873.54822
8	0	21.11705	8821.7273
8	0	21.38057	8866.9165
8	0	21.64409	8811.69775
8	0	21.90761	8779.99402
8	0	22.17113	8790.90479
8	0	22.43464	8734.20813
8	0	22.69816	8761.76538
8	0	22.96168	8726.28552
8	0	23.2252	8696.08118
8	0	23.48871	8691.41296
8	0	23.75223	8651.29163
8	0	24.01575	8655.97668
8	0	24.27927	8642.33191
8	0	24.54279	8653.60059
8	0	24.8063	8530.20471
8	0	25.06982	8558.41077
8	0	25.33334	8636.19751
8	0	25.59686	8548.33008
8	0	25.86037	8564.46448
8	0	26.12389	8519.6073
8	0	26.38741	8505.55225
8	0	26.65093	8581.94434
8	0	26.91445	8490.52686
8	0	27.17796	8546.8501
8	0	27.44148	8485.13379
8	0	27.705	8500.80078
8	0	27.96852	8439.58716
8	0	28.23203	8452.18311
8	0	28.49555	8445.96985
8	0	28.75907	8437.19421
8	0	29.02259	8407.03503
8	0	29.28611	8475.74182
8	0	29.54962	8463.15698
8	0	29.81314	8439.28247
8	0	30.07666	8391.21692
8	0	30.34018	8406.18005
8	0	30.60369	8361.85876
8	0	30.86721	8407.82166
8	0	31.13073	8416.23047
8	0	31.39425	8388.05969
8	0	31.65776	8371.6394
8	0	31.92128	8368.9469
8	0	32.1848	8392.75464
8	0	32.44832	8399.11536
8	0	32.71184	8328.03198
8	0	32.97536	8380.03333
8	0	33.23887	8375.04187
8	0	33.50239	8327.02344
8	0	33.76591	8322.1272
8	0	34.02943	8416.57312
8	0	34.29295	8343.29224
8	0	34.55646	8343.31433
8	0	34.81998	8340.35425
8	0	35.0835	8310.60327
8	0	35.34702	8303.44897
8	0	35.61053	8285.47632
8	0	35.87405	8355.2135
8	0	36.13757	8321.00354
8	0	36.40108	8349.01685
8	0	36.6646	8370.17493
8	0	36.92812	8321.50098
8	0	37.19164	8320.73022
8	0	37.45516	8383.8114
8	0	37.71867	8279.14905
8	0	37.98219	8341.28162
8	0	38.24571	8327.64514
8	0	38.50923	8432.91834
8	0	38.77275	8378.04236
8	0	39.03626	8363.69934
8	0	39.29978	8347.32043
8	0	39.5633	8302.7312
8	0	39.82682	8402.53735
8	0	40.09034	8357.32935
8	0	40.35385	8361.46973
8	0	40.61737	8393.34583
8	0	40.88089	8347.33887
8	0	41.14441	8418.16516
8	0	41.40792	8404.10083
8	0	41.67144	8392.64331
8	0	41.93496	8355.4447
8	0	42.19848	8389.50317
8	0	42.462	8502.50732
8	0	42.72551	8477.3717
8	0	42.98903	8479.76001
8	0	43.25255	8459.75012
8	0	43.51607	8490.2218
8	0	43.77959	8467.20996
8	0	44.0431	8591.75879
8	0	44.30662	8620.34924
8	0	44.57014	8617.73718
8	0	44.83366	8675.11072
8	0	45.09718	8620.74805
8	0	45.36069	8743.56494
8	0	45.62421	8684.7334
8	0	45.88773	8753.90063
8	0	46.15125	8793.31177
8	0	46.41476	8790.50574
8	0	46.67828	8899.92212
8	0	46.9418	8983.60767
8	0	47.20531	8923.20142
8	0	47.46883	9025.14941
8	0	47.73235	9111.26099
8	0	47.99587	9183.35827
8	0	48.25938	9222.74439
8	0	48.5229	9197.72046
8	0	48.78642	9331.29993
8	0	49.04994	9384.37769
8	0	49.31346	9483.10876
8	0	49.57698	9487.64612
8	0	49.84049	9570.6698
8	0	50.10401	9654.21082
8	0	50.36753	9788.12951
8	0	50.63105	9855.48621
8	0	50.89457	9975.64661
8	0	51.15808	10009.27503
8	0	51.4216	10104.93909
8	0	51.68512	10180.75195
8	0	51.94864	10276.16321
8	0	52.21215	10401.79663
8	0	52.47567	10466.54834
8	0	52.73919	10670.69214
8	0	53.00271	10731.96704
8	0	53.26622	10870.7793
8	0	53.52974	10975.75171
8	0	53.79326	11170.10498
8	0	54.05678	11222.23633
8	0	54.3203	11257.27466
8	0	54.58381	11398.44433
8	0	54.84733	11481.22974
8	0	55.11085	11511.70825
8	0	55.37437	11657.2627
8	0	55.63789	11692.84399
8	0	55.9014	11816.51197
8	0	56.16492	11914.41821
8	0	56.42844	11972.63989
8	0	56.69196	12006.77075
8	0	56.95547	12181.63477
8	0	57.21899	12169.84253
8	0	57.48251	12244.78589
8	0	57.74603	12313.2644
8	0	58.00954	12274.66113
8	0	58.27306	12313.56543
8	0	58.53658	12377.61597
8	0	58.8001	12388.28711
8	0	59.06362	12457.9812
8	0	59.32713	12421.19165
8	0	59.59065	12497.60645
8	0	59.85417	12517.65625
8	0	60.11769	12606.64893
8	0	60.38121	12572.93628
8	0	60.64472	12701.90284
8	0	60.90824	12675.0166
8	0	61.17176	12693.2417
8	0	61.43528	12713.39551
8	0	61.6988	12796.00415
8	0	61.96231	12803.52539
8	0	62.22583	12814.22949
8	0	62.48935	12798.77515
8	0	62.75286	12905.52417
8	0	63.01638	12893.47363
8	0	63.2799	12877.16992
8	0	63.54342	12924.82446
8	0	63.80694	12937.14698
8	0	64.07045	12918.51855
8	0	64.33397	12945.7146
8	0	64.59749	12948.54663
8	0	64.86101	12958.05738
8	0	65.12453	13033.63696
8	0	65.38805	12965.43042
8	0	65.65157	12953.58399
8	0	65.91508	12906.72461
8	0	66.1786	12941.40015
8	0	66.44212	12923.62964
8	0	66.70563	12964.23999
8	0	66.96915	12977.59766
8	0	67.23267	12878.75269
8	0	67.49619	12922.37598
8	0	67.7597	12924.54492
8	0	68.02322	12949.38721
8	0	68.28674	12927.63403
8	0	68.55026	12868.9292
8	0	68.81377	12880.37061
8	0	69.07729	12968.33179
8	0	69.34081	12855.73169
8	0	69.60432	12838.22412
8	0	69.86784	12847.97485
8	0	70.13136	12790.59693
8	0	70.39488	12751.08179
8	0	70.6584	12844.12085
8	0	70.92192	12735.04932
8	0	71.18544	12729.92578
8	0	71.44895	12756.85327
8	0	71.71247	12653.5459
8	0	71.97599	12678.96118
8	0	72.2395	12631.40479
8	0	72.50302	12665.34766
8	0	72.76654	12665.27661
8	0	73.03006	12585.01563
8	0	73.29358	12583.09912
8	0	73.5571	12531.30542
8	0	73.82062	12462.79932
8	0	74.08413	12485.5144
8	0	74.34765	12388.7251
8	0	74.61117	12498.21045
8	0	74.87468	12352.11914
8	0	75.1382	12362.25684
8	0	75.40172	12418.16528
8	0	75.66524	12367.09668
8	0	75.92876	12311.13697
8	0	76.19228	12244.39258
8	0	76.4558	12268.47461
8	0	76.71931	12245.72412
8	0	76.98283	12239.99976
8	0	77.24635	12140.0166
8	0	77.50986	12147.95776
8	0	77.77338	12151.25318
8	0	78.0369	12065.07886
8	0	78.30042	12184.62866
8	0	78.56393	12092.60181
8	0	78.82745	12104.76758
8	0	79.09097	12018.73218
8	0	79.35449	11958.3916
8	0	79.618	11995.77222
8	0	79.88152	11908.47559
8	0	80.14503	11876.75342
8	0	80.40856	11879.11938
8	0	80.67207	11773.03515
8	0	80.93559	11804.57788
8	0	81.19911	11720.8938
8	0	81.46263	11727.53394
8	0	81.72615	11681.57251
8	0	81.98966	11652.36841
8	0	82.25318	11588.48804
8	0	82.5167	11544.18994
8	0	82.78022	11494.427
8	0	83.04374	11500.9292
8	0	83.30725	11424.08545
8	0	83.57077	11342.73511
8	0	83.83429	11256.26294
8	0	84.09781	11219.42163
8	0	84.36133	11228.83398
8	0	84.62484	11136.4314
8	0	84.88836	11020.79297
8	0	85.15188	11040.66504
8	0	85.4154	10918.92896
8	0	85.67892	10866.4414
8	0	85.94243	10822.6438
8	0	86.20595	10774.30396
8	0	86.46947	10711.4679
8	0	86.73299	10652.61621
8	0	86.99651	10594.23828
8	0	87.26002	10459.09802
8	0	87.52354	10453.83691
8	0	87.78706	10370.06787
8	0	88.05058	10322.17004
8	0	88.31409	10249.77161
8	0	88.57761	10243.83167
8	0	88.84113	10096.63708
8	0	89.10464	9985.32312
8	0	89.36816	9913.47058
8	0	89.63168	9931.65222
8	0	89.8952	9893.45838
8	0	90.15871	9782.32422
8	0	90.42223	9708.54456
8	0	90.68575	9634.11096
8	0	90.94927	9535.22852
8	0	91.21279	9517.50268
8	0	91.4763	9416.47461
8	0	91.73982	9374.00574
8	0	92.00334	9247.41992
8	0	92.26686	9179.24378
8	0	92.53038	9089.33752
8	0	92.79389	9022.11341
8	0	93.05741	8913.50708
8	0	93.32093	8786.9646
8	0	93.58445	8846.67224
8	0	93.84797	8605.51062
